{"mse": 1.0267037447849656, "predictions": [-1.7977617979049683, -6.5994768142700195, -1.1269197463989258, -2.1910078525543213, -3.756667375564575, -1.6168049573898315, -3.319504737854004, -4.001368522644043, -4.047573566436768, -4.453100681304932, -1.9199371337890625, -2.7735095024108887, -3.9429097175598145, -3.0531153678894043, -3.3460984230041504, -4.026503086090088, 0.8583270311355591, -1.1150867938995361, 0.28205177187919617, -4.431241035461426, -1.6168049573898315, -2.460806369781494, -4.616186618804932, -1.5616655349731445, -3.9714808464050293, -2.5996017456054688, -7.505528926849365, -2.485389232635498, -3.131049633026123, 0.20841962099075317, -2.706129312515259, -1.5104186534881592, -1.022949457168579, -0.670897364616394, -1.7114499807357788, -1.3417327404022217, -0.1699313521385193, -2.1942641735076904, -1.6432862281799316, -0.5491783618927002, -6.0608229637146, -2.009402275085449, -1.0372741222381592, -3.2523586750030518, -3.024928569793701, -2.6895811557769775, -5.207707405090332, -3.512298107147217, -1.7915539741516113, -3.1805968284606934, -3.0590271949768066, -3.6794028282165527, -3.328557252883911, 0.22296643257141113, -1.7945892810821533, -6.500436782836914, -5.142457485198975, -5.094429969787598, -2.933443307876587, -3.010906934738159, -2.2237801551818848, -8.842615127563477, -1.4489216804504395, -5.351683616638184, -4.333977699279785, -2.926301956176758, -3.8215062618255615, -3.6134185791015625, -3.1853623390197754, 1.073140263557434, -2.4524338245391846, -2.1838579177856445, -1.4616122245788574, -4.676915645599365, -3.5110278129577637, -4.392913341522217, -2.869140863418579, -1.2204577922821045, -1.7915539741516113, -1.2825682163238525, -3.1214685440063477, -6.896504878997803, -2.786268472671509, -3.61513614654541, -1.4489216804504395, -2.61317777633667, -3.962609052658081, -1.2430979013442993, -2.007819652557373, -1.1269197463989258, -3.403395652770996, -2.1605100631713867, -4.339966773986816, -5.338188171386719, -2.1114068031311035, -3.343158721923828, -3.5827975273132324, -1.625239610671997, -4.0672383308410645, -0.9244003295898438, -2.9613351821899414, -1.46075439453125, -2.593932628631592, -2.706129312515259, -6.015420436859131, -7.031288146972656, -10.050165176391602, -3.6926681995391846, -1.46075439453125, -1.0817933082580566, -1.7622559070587158, -5.858095169067383, -4.770374774932861, -2.0001587867736816, -1.2289737462997437, -8.057413101196289, -1.3307958841323853, -1.4974944591522217, -4.90585994720459, -4.515236854553223, 0.25829410552978516, -3.616943359375, 0.5959203243255615, -3.147019624710083, -0.8628822565078735, -6.662489891052246, -1.3346813917160034, -1.4616122245788574, -1.7484116554260254, -0.572691798210144, -3.010906934738159, -1.7945892810821533, -3.9398984909057617, -3.512298107147217, -5.026249885559082, -2.824277400970459, -2.593932628631592, -5.824641227722168, -0.391086220741272, -2.3722946643829346, -3.474661350250244, -1.3925906419754028, -1.675567626953125, -1.229413628578186, -4.140847682952881, -6.0576958656311035, -2.4685850143432617, -2.6026346683502197, -5.134056568145752, -3.4729163646698, -2.677072048187256, -0.10829490423202515, -2.9246017932891846, -2.736461639404297, -1.4793089628219604, -3.755251884460449, -7.049920082092285, -3.6306395530700684, -1.7790448665618896, -2.2384276390075684, -2.3722946643829346, -2.007819652557373, -1.675567626953125, -3.799736499786377, -2.117015838623047, -3.384434700012207, -7.105696201324463, -3.041978359222412, -1.46075439453125, -1.7945892810821533, -5.931617736816406, -3.2056660652160645, -2.333993434906006, -2.2912611961364746, -0.08028897643089294, -8.621739387512207, -4.466545581817627, -2.860520124435425, -1.2292426824569702, -2.6754894256591797, -1.414576768875122, -3.5803489685058594, -0.4220966100692749, -2.1347501277923584, -2.1347501277923584, -4.084901332855225, -6.915297508239746, -4.059675693511963, -5.8440937995910645, -2.4524338245391846, -6.726576328277588, -3.052523374557495, -1.9625614881515503, -1.704624891281128, -3.7515251636505127, -1.1269197463989258, -1.6739847660064697, -0.0517829954624176, -1.707668662071228, -5.752044200897217, -3.3447418212890625, 1.394681692123413, -1.3780310153961182, -3.673107862472534, -7.635063648223877, -3.384434700012207, -3.211273670196533, -3.54818058013916, -2.3432371616363525, -4.283584117889404, -1.6663237810134888, -2.048978328704834, -3.0021743774414062, -2.706129312515259, -8.56330680847168, -1.46075439453125, -3.752936840057373, -1.1269197463989258, -4.215292453765869, -3.319504737854004, -2.7778520584106445, -2.379119873046875, -1.0817933082580566, -2.3432371616363525, -1.675567626953125], "true_values": [-1.33, -6.29, -0.47, -1.0, -2.94, -1.39, -4.805, -3.504, -3.927, -4.15, -1.55, -3.083, -4.76, -3.66, -2.523, -4.14, 0.39, -0.63, 0.58, -4.7, -2.523, -1.45, -4.54, -1.01, -5.51, -2.24, -7.337000000000001, -1.96, -1.92, 1.57, -2.468, -1.077, -1.95, 0.81, -1.24, -1.87, -0.02, -2.253, -1.3, -1.807, -6.301, -3.68, 1.1, -3.8, -1.601, -2.28, -5.696000000000001, -4.24, -2.16, -3.19, -3.658, -4.57, -3.785, 0.85, -1.22, -7.28, -4.678, -6.98, -2.09, -3.21, -1.74, -9.16, -1.29, -6.49, -4.64, -2.68, -2.596, -3.15, -3.536, 0.74, -3.39, -1.6, -0.66, -4.43, -3.09, -4.77, -3.01, -0.985, -2.54, -0.89, -3.483, -6.307, -3.0, -4.4110000000000005, -1.06, -2.38, -3.93, -0.29, -1.29, -0.18, -4.31, -1.95, -2.73, -2.84, -1.09, -3.48, -1.981, -2.15, -4.7, -0.85, -0.624, -0.71, -3.73, -2.39, -7.11, -7.92, -11.6, -3.7, -0.62, -1.36, -3.03, -6.2, -4.706, -1.28, -1.09, -5.292999999999999, -0.43, -0.42, -4.402, -4.047, -1.24, -1.8, -1.25, -2.67, -1.155, -6.51, -1.96, -0.99, -0.8540000000000001, 1.11, -3.11, -1.52, -3.27, -5.88, -3.499, -2.32, -4.53, -5.27, 0.58, -2.077, -3.0210000000000004, -1.52, -1.64, -0.62, -5.27, -8.6, -3.82, -2.57, -5.53, -4.03, -2.8, -0.4, -2.59, -0.83, -3.93, -3.1, -7.15, -4.207, 0.51, -3.364, -3.168, -1.4, -2.09, -4.88, -1.456, -3.21, -6.78, -4.43, -1.11, -1.08, -6.025, -4.1, -2.74, -2.16, 0.46, -3.931, -4.8, -3.36, -0.972, -2.22, 0.02, -3.54, -3.401, -2.68, -3.23, -3.79, -6.6370000000000005, -3.24, -6.35, -3.1, -8.4, -2.07, -2.05, -2.349, -0.364, 0.15, -0.73, 0.15, -3.22, -6.68, -3.77, 0.79, -1.3, -3.96, -8.56, -3.19, -3.76, -3.63, -4.23, -4.9, -1.89, -2.74, -3.59, -2.982, -8.172, -0.8, -3.928, -0.4, -3.953, -4.632, -5.19, -2.09, -1.21, -4.36, -3.18]}