{"mse": 1.017220164997611, "predictions": [-1.7574453353881836, -1.7574453353881836, -1.7574453353881836, -1.7574453353881836, -1.471957802772522, -1.471957802772522, -2.0429329872131348, -2.0429329872131348, -2.613908052444458, -3.184882879257202, -3.184882879257202, -3.184882879257202, -3.4703705310821533, -4.3268327713012695, -4.612320899963379, -5.183296203613281, -5.754270553588867, -2.376662492752075, -1.9647231101989746, -3.3443679809570312, -1.5679924488067627, -2.235002040863037, -2.1541759967803955, -2.4084653854370117, -2.138374090194702, -3.3443679809570312, -1.5832009315490723, -7.5636796951293945, -3.8041000366210938, -3.8041000366210938, -2.7251510620117188, -4.834807395935059, -8.245898246765137, -9.610334396362305, -10.29255199432373, -1.1552929878234863, -1.1552929878234863, -1.440780520439148, -1.440780520439148, -2.0117554664611816, -2.0117554664611816, -1.6950907707214355, -1.7262680530548096, -1.7262680530548096, -2.0117554664611816, -1.7262680530548096, -2.0117554664611816, -0.5843179225921631, -1.7262680530548096, -1.1552929878234863, -1.440780520439148, -5.406429290771484, -2.0117554664611816, 0.6511640548706055, -0.2052985429763794, -0.490786075592041, -1.6950907707214355, -0.5531406402587891, -1.409603238105774, -1.6950907707214355, -1.0617611408233643, -1.1241157054901123, -2.551553249359131, -0.5531406402587891, -1.409603238105774, -1.6950907707214355, -0.7139191627502441, -2.266065835952759, -1.9805784225463867, -2.2037112712860107, -3.3456614017486572, -0.8698054552078247, -1.1552929878234863, -0.5843179225921631, -5.120941162109375, -5.144145965576172, -4.287683486938477, -5.144145965576172, -1.409603238105774, -2.1229989528656006, -2.1229989528656006, -3.4874351024627686, -4.851871490478516, -2.4084861278533936, -0.6643837690353394, -2.0918214321136475, -2.2342417240142822, -2.7428624629974365, -2.222529888153076, -3.3644800186157227, -1.9370423555374146, -2.5080175399780273, -2.6876144409179688, -1.1231088638305664, -2.4151527881622314, -3.5252585411071777, -2.3085949420928955, -1.1354676485061646, -2.160175323486328, -1.9805784225463867, -3.7469654083251953, -2.476840019226074, -2.2894368171691895, -3.357680559158325, -2.6677889823913574, -3.3680880069732666, 0.006482601165771484, -3.091351270675659, -2.9220991134643555, -5.958245277404785, -4.273812294006348, -0.3413594961166382, -1.3348898887634277, -1.3348898887634277, -0.7327376008033752, 0.19843828678131104, 0.5151031017303467, -0.19293981790542603, -2.0854620933532715, -4.127410888671875, -1.0182251930236816, -1.3037126064300537, -0.9123345613479614, -2.333773136138916, -4.623025894165039, -2.7666733264923096, -2.7666733264923096, -3.1332337856292725, -2.4510152339935303, -3.560711145401001, -2.591691255569458, -2.5728747844696045, -2.053779125213623, -1.874687910079956, -4.803269386291504, -5.04622745513916, -3.580146074295044, -1.874687910079956, -2.160175323486328, -1.3784259557724, -2.551553249359131, -3.3021254539489746, -1.3348898887634277, -2.521043539047241, -1.5892002582550049, -3.196234941482544, -3.841923475265503, -0.8751580119132996, 0.1870863437652588, -0.5531406402587891, -1.4216225147247314, -1.4216225147247314, -2.216398000717163, -1.619370698928833, -1.3027057647705078, -2.0974812507629395, -1.409603238105774, -1.3037126064300537, -1.7262680530548096, -3.4250805377960205, -1.6950907707214355, -2.0117554664611816, -0.7450963258743286, -1.6950907707214355, -1.377419114112854, -1.9805784225463867, -1.2413582801818848, -2.246907949447632, -1.874687910079956, -3.3138372898101807, -1.6327362060546875, -1.3160713911056519, -2.582730531692505, -2.7935049533843994, -1.6327362060546875, -2.582730531692505, -2.7119922637939453, -2.6061017513275146, -2.550546407699585, -2.4456627368927, -2.2037112712860107, -3.9619948863983154, -2.891589403152466, -3.3696999549865723, -2.804857015609741, -2.6506447792053223, -6.770218849182129, -2.458021402359009, -3.3021254539489746, -4.307675361633301, -3.7246806621551514, -3.773569345474243, -4.065723419189453, -3.481722116470337, -3.376838445663452, -2.9542832374572754, -4.295656204223633, -3.841923475265503, -4.202123641967773, -4.835453987121582, -4.5187883377075195, -4.9091596603393555, -6.45419979095459, -4.45643424987793, -6.820060729980469, -1.9799315929412842, -3.3443679809570312, -2.138967514038086, -2.709942579269409, -5.279779434204102, -3.106673240661621, -3.758474349975586, -7.5636796951293945, -1.440780520439148, -1.440780520439148, -1.1241157054901123, -0.26765310764312744, -1.1241157054901123, -1.6950907707214355, -2.551553249359131, -1.1552929878234863, -1.440780520439148, -5.089763641357422, -2.222529888153076, -1.9370423555374146, -1.4521324634552002, -3.841923475265503, -0.7691348195075989, -4.6000566482543945, -3.748051881790161, -2.109839916229248, -3.6623260974884033, -2.9542832374572754, -0.9746891260147095, -0.47842735052108765, -4.845512390136719, -3.555788993835449, -1.0936057567596436, -3.6977789402008057, -2.194960832595825, -1.260176658630371, -2.7311503887176514, -2.588083028793335, -1.9370423555374146, -0.5521337985992432, -1.0312511920928955, -1.3784259557724, -1.6950907707214355, -2.7183516025543213, -1.9805784225463867, -2.2037112712860107, -4.0947418212890625, -2.712331771850586, -5.406429290771484, -1.6791503429412842, -4.7660932540893555, -5.850754737854004], "true_values": [-3.84, -3.74, -3.1, -3.3, -2.54, -1.64, -3.01, -2.21, -3.27, -4.0, -4.15, -3.7, -3.96, -6.96, -6.19, -6.74, -8.49, -1.17, -1.32, -2.18, -1.59, -2.08, -2.73, -1.71, -3.22, -2.54, -1.36, -7.33, -3.59, -4.48, -3.08, -5.25, -8.94, -10.26, -11.62, -0.24, -0.52, -0.5, -0.44, -2.39, -1.27, -0.71, -0.62, -0.4, -1.36, -1.7, -2.36, 0.57, -1.19, -0.19, -1.42, -4.43, -1.28, 0.38, 1.0, -0.82, -2.3, 0.01, -1.55, -2.06, -2.11, -0.81, -3.55, -0.49, -1.89, -2.46, -0.6, -3.39, -2.32, -2.35, -4.66, -0.06, -0.03, -0.59, -3.99, -4.32, -3.69, -4.9, -1.96, -0.7, -0.7, -2.21, -4.28, -1.57, 0.93, -2.59, -1.12, -1.7, -1.44, -3.51, 0.45, -1.3, -1.42, 0.01, -1.5, -2.23, -2.17, -1.67, -2.37, -1.89, -2.68, -0.42, -2.58, -4.21, -2.86, -3.35, -2.19, -4.16, -2.1, -3.71, -3.37, -1.48, 0.96, -0.8, -0.66, 0.96, 1.12, 1.58, -1.6, -1.52, -1.8, -2.49, -2.19, -1.66, -4.92, -4.06, -4.43, -3.52, -2.48, -4.1, -4.31, -3.08, -1.78, -1.58, -3.7, -3.4, -3.12, -1.23, -2.33, -1.78, -3.0, -4.6, -0.74, -2.39, -2.24, -3.27, -3.84, -0.02, -1.6, 1.05, -2.45, -2.43, -2.13, 0.06, -0.91, -1.76, -0.86, -1.76, -1.87, -2.96, -1.67, -1.43, -0.27, -1.56, -2.15, -2.06, -1.6, -1.62, -3.3, -3.67, -1.89, -1.92, -3.13, -2.35, -1.42, -2.32, -2.7, -2.85, -0.62, -2.7, -3.66, -4.04, -2.24, -3.74, -2.09, -3.42, -6.36, -2.93, -2.27, -3.68, -6.05, -4.18, -3.94, -2.6, -3.09, -1.6, -7.26, -3.46, -3.89, -4.4, -3.59, -3.37, -6.29, -3.85, -4.7, -1.06, -1.74, -2.89, -4.43, -4.91, -3.19, -4.5, -7.68, -1.14, -0.62, -0.99, 0.15, -1.28, -2.31, -3.8, -0.24, -1.34, -3.75, -2.75, 0.4, -2.23, -2.12, -2.36, -4.86, -2.32, -2.62, -3.7, -1.13, 1.07, 0.96, -5.64, -3.0, -0.6, -4.57, -4.04, 0.74, -3.26, -1.4, -1.5, -1.14, 0.04, -2.34, -1.6, -2.61, -2.75, -1.73, -4.21, -2.7, -5.66, -0.5, -3.76, -4.6]}