{"mse": 0.8487303163766838, "predictions": [-1.7252978086471558, -2.370651960372925, -1.7252978086471558, -2.0479748249053955, -3.5445849895477295, -1.0799436569213867, -2.693329095840454, -2.693329095840454, -2.693329095840454, -3.0160062313079834, -3.551497220993042, -3.984037160873413, -4.306714057922363, -3.661360263824463, -4.952068328857422, -6.242776870727539, -6.242776870727539, -0.7216746807098389, -1.6579179763793945, -1.0106178522109985, -1.8895552158355713, -2.271813154220581, -1.3332948684692383, -1.5649322271347046, -1.5649322271347046, -1.6897059679031372, -1.5649322271347046, -2.0499210357666016, -2.372598171234131, -2.191462993621826, -2.726954221725464, -6.688752174377441, -3.1599645614624023, -3.251004219055176, -3.342043876647949, -4.150417327880859, -2.4448258876800537, -5.096027374267578, -5.096027374267578, -5.813360214233398, -6.530694007873535, -6.530694007873535, -6.530694007873535, -7.2480268478393555, -7.965360641479492, -3.733339548110962, -0.4220309853553772, -1.067385196685791, -1.3900620937347412, -1.3900620937347412, -2.138367176055908, -3.326124429702759, -3.0994863510131836, -1.3900620937347412, -0.9759573936462402, -2.2666659355163574, -0.282031387090683, -1.4799662828445435, -1.1572892665863037, 0.30360397696495056, -4.412864685058594, -0.9871042966842651, -1.8954167366027832, -1.2852287292480469, -0.9273855686187744, 0.38787543773651123, -0.5801558494567871, -0.5801558494567871, -0.4030449390411377, -1.2255098819732666, -2.1935412883758545, -0.7327139377593994, -1.0799436569213867, 1.911495327949524, -3.9057953357696533, -3.886810064315796, -4.563708305358887, -1.198069453239441, -1.198069453239441, -1.430511474609375e-05, -2.7852942943573, -2.2900729179382324, -5.7125749588012695, -1.4188573360443115, -1.7415343523025513, -1.2695307731628418, -3.2055931091308594, -4.040534973144531, -0.8240071535110474, -2.640214681625366, -3.251508951187134, -2.7780275344848633, -2.6548984050750732, -6.08231258392334, -2.020481586456299, -1.8507163524627686, -2.671043634414673, -2.9885125160217285, -4.204249382019043, -4.560942649841309, -3.3328723907470703, -3.2458436489105225, -1.0904817581176758, -2.584083318710327, -0.8604905605316162, -0.5570329427719116, -3.0484793186187744, -1.2662991285324097, -0.5422492027282715, -2.52583384513855, -1.8284869194030762, -1.8284869194030762, -3.5970542430877686, -2.050598621368408, -1.896716594696045, -2.1237921714782715, -1.5517263412475586, -2.7021656036376953, -4.989952087402344, -1.4141364097595215, -1.8139400482177734, -2.1366171836853027, -3.182703733444214, -4.030099868774414, -5.302380561828613, -5.479466438293457, -4.8765411376953125, -1.419242024421692, -1.7011297941207886, -2.7620139122009277, -5.0168561935424805, -5.49765682220459, -2.646592140197754, 0.936223030090332, -1.867781162261963, -2.7009661197662354, -4.41330623626709, -4.963436126708984, -0.4241764545440674, -6.074790954589844, -2.370651960372925, 0.2382582426071167, -0.6288353204727173, 0.4835895895957947, -0.34094738960266113, -2.3841137886047363, -0.5781598091125488, -2.0127594470977783, -0.9571635723114014, 0.023327410221099854, -3.811023473739624, -0.924363374710083, 1.5642656087875366, -3.0898170471191406, -1.5812331438064575, -0.4487290382385254, -1.1904858350753784, -1.4799662828445435, -1.826045274734497, -3.784458637237549, -1.173516869544983, -1.4962029457092285, -1.5381264686584473, -2.370651960372925, -2.370651960372925, -1.0548266172409058, -2.426820993423462, -2.3252391815185547, -1.9551355838775635, -1.2972228527069092, -1.8329575061798096, -0.4324157238006592, -2.0681979656219482, -1.8628919124603271, -2.5049960613250732, -2.668776512145996, -2.8597614765167236, -2.1462504863739014, -4.007068634033203, -1.7201623916625977, -2.1560192108154297, -3.657318592071533, -2.6743481159210205, -4.117290496826172, -4.651269912719727, -6.711358070373535, -3.6122548580169678, -2.6820244789123535, -4.282161712646484, -5.649750709533691, -4.6547441482543945, -5.171734809875488, -7.625811576843262, -5.2429399490356445, -4.2160749435424805, -5.3520917892456055, -1.7363626956939697, -2.4270741939544678, -4.712803840637207, -5.339532852172852, -6.041112899780273, -4.953765869140625, -5.227209091186523, -1.402620792388916, -2.370651960372925, -3.661360263824463, -4.306714057922363, -5.290982246398926, -2.0518670082092285, -5.813360214233398, -6.530694007873535, -7.965360641479492, -3.8243792057037354, -1.067385196685791, -1.3900620937347412, -0.9759573936462402, -3.2821638584136963, -3.4160287380218506, 0.39644330739974976, -1.8954167366027832, -1.9551355838775635, -3.568521022796631, -1.7007451057434082, -2.0234222412109375, -1.4961940050125122, -1.9763128757476807, -1.01839017868042, -2.34315824508667, -1.34795343875885, -3.4671430587768555, -3.9691479206085205, -2.6349751949310303, 0.11645898222923279, -1.2351257801055908, -3.77388334274292, -1.069530725479126, -0.9125103950500488, -1.0533950328826904, 1.5762596130371094, -1.8848776817321777, -0.8998105525970459, -3.0264317989349365, -2.336850881576538, -2.447997808456421, -2.56023907661438, -3.334641456604004, -4.096560478210449, -4.848082542419434, -6.4299468994140625, -5.3163251876831055, -7.149145126342773, -7.2480268478393555, -2.938215970993042, -3.8280580043792725, -2.039461851119995, -7.196347236633301], "true_values": [-3.55, -4.15, -3.24, -3.27, -5.05, -1.87, -3.31, -3.2, -3.11, -3.77, -4.64, -4.17, -5.22, -4.74, -6.0, -7.02, -7.8, -1.0, -1.54, -1.09, -1.48, -3.04, -1.73, -2.03, -1.96, -2.96, -2.0, -2.4, -2.69, -3.07, -3.81, -6.18, -3.27, -3.63, -4.07, -5.04, -1.97, -5.27, -5.21, -6.27, -7.8, -6.57, -7.0, -7.05, -8.32, -4.14, 0.04, -1.04, -1.4, -0.85, -2.09, -2.55, -3.01, -0.88, 0.81, -2.92, 0.58, -1.3, -0.83, 1.22, -4.62, -1.77, -2.6, -1.1, -0.48, 0.58, -1.01, -0.55, -0.82, -1.75, -2.67, -0.39, -0.82, 0.74, -3.64, -4.13, -4.1, -1.41, -0.96, -0.85, -1.55, -1.89, -6.89, -0.41, -0.85, 0.38, -3.36, -5.4, -0.13, -2.74, -0.63, -2.62, -1.4, -4.15, -1.64, -2.68, -1.94, -2.18, -3.73, -3.6, -2.86, -3.99, -1.07, -2.34, 0.23, 0.15, -2.92, -1.52, -0.3, -2.44, -0.74, -1.74, -3.38, -1.68, -2.37, -1.47, -4.55, -2.89, -5.68, -2.18, -3.04, -4.0, -3.68, -5.54, -5.14, -3.64, -4.62, -0.98, -1.3, -2.36, -4.57, -4.79, -3.36, -2.23, -3.68, -2.47, -2.98, -4.88, -1.24, -5.27, -4.25, -0.4, -0.43, -1.25, 0.59, -1.16, -1.93, -2.6, -1.83, -0.55, -4.98, 0.02, -0.17, -3.33, -2.36, -1.16, -2.33, -0.94, -1.92, -3.08, -2.05, -1.28, -0.48, -4.48, -4.74, -0.54, -2.07, -2.23, -1.41, -0.93, -1.8, -0.02, -1.89, -1.2, -2.68, -1.64, -2.44, -2.36, -2.3, -1.95, -1.83, -3.39, -4.17, -4.47, -4.69, -6.51, -2.4, -4.16, -4.31, -5.3, -5.28, -3.66, -5.68, -4.22, -3.48, -6.7, -2.82, -2.52, -3.98, -4.65, -5.24, -5.15, -5.51, -2.09, -2.77, -4.17, -6.35, -6.2, -2.31, -6.02, -7.16, -8.01, -4.4, -0.39, -0.72, 0.62, -3.17, -3.12, -0.2, -2.14, -2.48, -3.22, -1.85, -1.6, -2.35, -1.1, -1.28, -2.57, 0.81, -4.61, -2.09, -2.54, 1.13, -0.62, -3.26, -1.78, -1.77, -1.26, 0.39, -1.56, -1.11, -2.87, -3.51, -2.49, -1.94, -3.05, -2.73, -4.43, -4.4, -3.66, -7.32, -7.89, -0.56, -4.66, -3.37, -7.15]}