{"mse": 0.7157939350024791, "predictions": [-1.9763128757476807, -1.7817630767822266, -1.7817630767822266, -1.7817630767822266, -1.4613568782806396, -1.4613568782806396, -2.491269111633301, -2.1021692752838135, -2.7429816722869873, -3.383794069290161, -3.383794069290161, -3.365586757659912, -3.704200267791748, -4.62900447845459, -4.985825061798096, -5.517393589019775, -6.194620609283447, -1.6659743785858154, -1.5890007019042969, -2.481794595718384, -1.4139928817749023, -2.007441282272339, -2.1513209342956543, -1.9631586074829102, -2.0977067947387695, -3.4013805389404297, -1.3159584999084473, -6.972610950469971, -3.9576945304870605, -3.9576945304870605, -2.827479839324951, -5.154821395874023, -8.781373977661133, -10.23199462890625, -10.957305908203125, -0.8332108855247498, -0.8332108855247498, -1.1536171436309814, -1.1536171436309814, -2.572628974914551, -1.7944295406341553, -1.4447243213653564, -1.6823066473007202, -1.4740233421325684, -2.0027129650115967, -2.200780153274536, -2.7157363891601562, -0.3355056941509247, -1.6171305179595947, -0.8936482667922974, -1.2140544652938843, -5.3614020347595215, -1.854866862297058, 1.0855848789215088, 0.12436622381210327, -0.3905898928642273, -2.2133636474609375, -0.34808915853500366, -1.6171305179595947, -1.9375367164611816, -1.452497959136963, -0.9889016151428223, -3.7582318782806396, -0.5007565021514893, -1.6565250158309937, -2.171481132507324, -0.23874926567077637, -2.812293529510498, -1.9082374572753906, -2.034712076187134, -3.3163368701934814, -0.7912454009056091, -1.1116516590118408, -0.4708392024040222, -4.980558395385742, -4.4552226066589355, -2.973536491394043, -4.356303691864014, -1.3326014280319214, -2.0872111320495605, -2.0872111320495605, -3.537832021713257, -4.988453388214111, -2.4076173305511475, -0.20269083976745605, -2.3424410820007324, -2.171173334121704, -3.038452625274658, -3.0924735069274902, -3.2167787551879883, -1.4806060791015625, -2.1032111644744873, -1.8202613592147827, -0.5301651954650879, -2.1896302700042725, -2.7266836166381836, -3.0182602405548096, -1.0001050233840942, -2.002389430999756, -2.7247743606567383, -4.247673988342285, -2.3269402980804443, -2.3288867473602295, -4.107401371002197, -2.26987886428833, -3.3144736289978027, -1.6992348432540894, -3.1842386722564697, -2.755535840988159, -5.187589168548584, -4.421468257904053, -0.9243475198745728, -1.1601998805999756, -1.0640389919281006, -0.784468412399292, 0.37869521975517273, 0.37869521975517273, 0.021594777703285217, -1.8881487846374512, -3.425436496734619, -2.234788417816162, -2.555194616317749, -1.9369268417358398, -2.209212064743042, -4.559098243713379, -2.1202809810638428, -2.2271268367767334, -3.3387699127197266, -3.144843101501465, -3.31488299369812, -3.921727180480957, -2.5346274375915527, -2.0658981800079346, -1.5466499328613281, -4.73564338684082, -5.345776557922363, -2.0488955974578857, -1.8418185710906982, -1.9307823181152344, -1.16796875, -2.5490498542785645, -3.9906067848205566, -1.4839015007019043, -2.422985076904297, -1.2914199829101562, -4.076855182647705, -4.101184368133545, -0.4738193154335022, 0.03966027498245239, -0.16309940814971924, -0.9320151805877686, -0.9320151805877686, -1.6726937294006348, -1.223372220993042, -0.8736670017242432, -1.5441880226135254, -1.1972678899765015, -1.1605737209320068, -1.5344606637954712, -3.4559407234191895, -1.5878313779830933, -2.0027129650115967, -0.45073240995407104, -1.2871582508087158, -1.656851887702942, -1.950120210647583, -1.0020933151245117, -2.3269171714782715, -2.8442931175231934, -3.5659921169281006, -1.5110259056091309, -1.39389967918396, -2.7136826515197754, -2.765526294708252, -1.477664828300476, -2.398827075958252, -2.487323522567749, -2.6785919666290283, -2.655637741088867, -3.844480276107788, -3.318080425262451, -4.075512409210205, -2.9989981651306152, -3.3198139667510986, -2.6160271167755127, -3.6278042793273926, -7.246254920959473, -3.1191675662994385, -3.759523391723633, -4.134612083435059, -5.662365436553955, -3.594693899154663, -3.5626914501190186, -3.257272958755493, -3.2083444595336914, -2.6628308296203613, -6.692277908325195, -3.301537036895752, -4.941265106201172, -4.660152435302734, -4.032006740570068, -2.404566764831543, -6.854028224945068, -3.7371973991394043, -6.3790740966796875, -1.4909664392471313, -2.481794595718384, -2.054805278778076, -3.2792673110961914, -5.492814064025879, -3.330418586730957, -4.251797676086426, -8.056062698364258, -1.1536171436309814, -1.1536171436309814, -0.6463457942008972, 0.014199614524841309, -0.9470189809799194, -1.782381296157837, -3.327249526977539, -1.1116516590118408, -1.4320578575134277, -4.733255863189697, -3.0924735069274902, -1.4806060791015625, -1.9501957893371582, -2.933281660079956, -0.5326929092407227, -3.9163565635681152, -3.960216999053955, -2.573333263397217, -3.6252548694610596, -2.2255780696868896, -0.9243475198745728, -0.2988114356994629, -4.8935227394104, -3.4823100566864014, -0.8209540843963623, -3.705019474029541, -3.5168228149414062, -1.2447537183761597, -2.9606945514678955, -2.4365930557250977, -1.3353705406188965, -0.5196400880813599, -1.4617664813995361, -1.16796875, -1.2871582508087158, -2.7628917694091797, -2.7283196449279785, -1.6686204671859741, -4.112097263336182, -1.8995647430419922, -5.30096435546875, 0.47066640853881836, -4.659641742706299, -4.754247665405273], "true_values": [-3.84, -3.74, -3.1, -3.3, -2.54, -1.64, -3.01, -2.21, -3.27, -4.0, -4.15, -3.7, -3.96, -6.96, -6.19, -6.74, -8.49, -1.17, -1.32, -2.18, -1.59, -2.08, -2.73, -1.71, -3.22, -2.54, -1.36, -7.33, -3.59, -4.48, -3.08, -5.25, -8.94, -10.26, -11.62, -0.24, -0.52, -0.5, -0.44, -2.39, -1.27, -0.71, -0.62, -0.4, -1.36, -1.7, -2.36, 0.57, -1.19, -0.19, -1.42, -4.43, -1.28, 0.38, 1.0, -0.82, -2.3, 0.01, -1.55, -2.06, -2.11, -0.81, -3.55, -0.49, -1.89, -2.46, -0.6, -3.39, -2.32, -2.35, -4.66, -0.06, -0.03, -0.59, -3.99, -4.32, -3.69, -4.9, -1.96, -0.7, -0.7, -2.21, -4.28, -1.57, 0.93, -2.59, -1.12, -1.7, -1.44, -3.51, 0.45, -1.3, -1.42, 0.01, -1.5, -2.23, -2.17, -1.67, -2.37, -1.89, -2.68, -0.42, -2.58, -4.21, -2.86, -3.35, -2.19, -4.16, -2.1, -3.71, -3.37, -1.48, 0.96, -0.8, -0.66, 0.96, 1.12, 1.58, -1.6, -1.52, -1.8, -2.49, -2.19, -1.66, -4.92, -4.06, -4.43, -3.52, -2.48, -4.1, -4.31, -3.08, -1.78, -1.58, -3.7, -3.4, -3.12, -1.23, -2.33, -1.78, -3.0, -4.6, -0.74, -2.39, -2.24, -3.27, -3.84, -0.02, -1.6, 1.05, -2.45, -2.43, -2.13, 0.06, -0.91, -1.76, -0.86, -1.76, -1.87, -2.96, -1.67, -1.43, -0.27, -1.56, -2.15, -2.06, -1.6, -1.62, -3.3, -3.67, -1.89, -1.92, -3.13, -2.35, -1.42, -2.32, -2.7, -2.85, -0.62, -2.7, -3.66, -4.04, -2.24, -3.74, -2.09, -3.42, -6.36, -2.93, -2.27, -3.68, -6.05, -4.18, -3.94, -2.6, -3.09, -1.6, -7.26, -3.46, -3.89, -4.4, -3.59, -3.37, -6.29, -3.85, -4.7, -1.06, -1.74, -2.89, -4.43, -4.91, -3.19, -4.5, -7.68, -1.14, -0.62, -0.99, 0.15, -1.28, -2.31, -3.8, -0.24, -1.34, -3.75, -2.75, 0.4, -2.23, -2.12, -2.36, -4.86, -2.32, -2.62, -3.7, -1.13, 1.07, 0.96, -5.64, -3.0, -0.6, -4.57, -4.04, 0.74, -3.26, -1.4, -1.5, -1.14, 0.04, -2.34, -1.6, -2.61, -2.75, -1.73, -4.21, -2.7, -5.66, -0.5, -3.76, -4.6]}