{"mse": 0.8256203905903973, "predictions": [-1.4600074291229248, -2.095060348510742, -1.4600074291229248, -1.986556053161621, -2.3040826320648193, -1.986556053161621, -1.4600074291229248, -1.986556053161621, -2.7301135063171387, -2.7301135063171387, -3.047640085220337, -3.047640085220337, -4.317746162414551, -1.2992477416992188, -2.121347188949585, -1.4384901523590088, -1.9040215015411377, -3.3006153106689453, -2.578115940093994, -1.9255385398864746, -1.9255385398864746, -2.0107336044311523, -1.9455878734588623, -1.4687695503234863, -2.1741435527801514, -3.2156941890716553, -3.2156941890716553, -3.3939781188964844, -3.934774160385132, -3.3639724254608154, -3.3639724254608154, -2.9572012424468994, -5.839933395385742, -6.559013366699219, -6.559013366699219, -7.278093338012695, -7.997173309326172, -7.997173309326172, -7.997173309326172, -7.997173309326172, -7.997173309326172, -7.997173309326172, -7.194066047668457, -3.9450042247772217, -0.836279034614563, -1.571850061416626, -1.1538054943084717, -1.1538054943084717, -1.4713319540023804, -1.4713319540023804, -1.4713319540023804, -1.7888585329055786, -2.909492254257202, -1.0527909994125366, -1.9940459728240967, -2.629099130630493, -1.2164636850357056, -0.6899148225784302, -1.2634611129760742, -0.34665578603744507, -1.1907310485839844, -3.061250925064087, -3.823474884033203, -0.34163492918014526, -0.3303135633468628, -1.3207497596740723, -1.1117274761199951, -1.0809741020202637, -2.9003961086273193, -3.3344130516052246, -0.7942008972167969, -1.1117274761199951, 1.6893879175186157, -4.077155113220215, -3.5534095764160156, -6.032588958740234, -4.611392974853516, -4.789541244506836, -1.600419521331787, -2.1397387981414795, -2.3294551372528076, -3.1468863487243652, -1.4537909030914307, -1.4183168411254883, -1.694153070449829, -0.5650925636291504, -0.7490607500076294, -1.4933892488479614, -1.634829044342041, -0.7490607500076294, -5.577350616455078, -5.67759895324707, -3.9610631465911865, -1.4369643926620483, -2.709821939468384, -2.3922958374023438, -3.0167899131774902, -2.665881633758545, -1.9173557758331299, -2.5711729526519775, -1.8119210004806519, -3.599055290222168, -0.05092969536781311, -0.9150174856185913, -0.8040023446083069, -0.7383611798286438, -1.0866410732269287, -1.339675784111023, 0.13907885551452637, -1.3411911725997925, -2.4901797771453857, -2.1305785179138184, 0.1656821370124817, -2.7252626419067383, -2.586935043334961, -5.167693138122559, -1.064183235168457, -1.6992363929748535, -2.122225522994995, -0.6814281940460205, -2.293006658554077, -4.289396286010742, -1.7492319345474243, -5.25650691986084, -4.927349090576172, -4.826001167297363, -5.921645164489746, -2.7928054332733154, -2.053093194961548, -3.8709359169006348, -3.039292097091675, -0.9319589138031006, -2.749272346496582, -0.34163492918014526, -1.3325161933898926, -2.1145291328430176, -3.697864055633545, -2.7550783157348633, 0.10910221934318542, -0.2635239362716675, -0.2635239362716675, 0.36020445823669434, -0.36472296714782715, -1.3085591793060303, -2.4444355964660645, 1.9648362398147583, -2.3873205184936523, -1.3082201480865479, -0.9486188888549805, -1.1591750383377075, -2.354288101196289, -1.9875617027282715, -2.770676374435425, -2.7131259441375732, -1.9940459728240967, -1.9940459728240967, -1.1986632347106934, -2.3646981716156006, -1.9042916297912598, -0.34263813495635986, -6.347925186157227, -0.14728999137878418, -3.4835524559020996, -1.4187016487121582, -2.4897215366363525, -1.7242896556854248, -2.688422918319702, -2.906104803085327, -1.9975025653839111, -2.115060567855835, -1.8096920251846313, -5.073112487792969, -3.427964448928833, -3.51188588142395, -3.4568984508514404, -2.964258909225464, -3.6940176486968994, -3.1452200412750244, -5.929670333862305, -4.795166969299316, -3.3550305366516113, -4.096113204956055, -5.64047908782959, -5.28391170501709, -5.5529375076293945, -3.6793649196624756, -4.723731994628906, -5.181667327880859, -2.095060348510742, -1.7775338888168335, -2.095060348510742, -3.039653778076172, -2.7301135063171387, -2.7301135063171387, -3.047640085220337, -3.6826930046081543, -5.587852478027344, -2.1125845909118652, -2.3021559715270996, -6.8134565353393555, -5.372934341430664, -2.570753335952759, -5.839933395385742, -7.278093338012695, -7.278093338012695, -6.686968803405762, -1.6803542375564575, -1.4713319540023804, -3.6780452728271484, -1.7888585329055786, -0.6899148225784302, -2.7992618083953857, -3.296926259994507, -5.403120994567871, -0.6591615080833435, -3.7691516876220703, -0.7942008972167969, -1.4325923919677734, -4.011344909667969, -3.516233205795288, -1.8544490337371826, -2.0311052799224854, -2.0533699989318848, -2.6001670360565186, -1.634829044342041, -5.7922468185424805, -0.21515950560569763, -1.0910896062850952, -2.82600736618042, -2.0026986598968506, -1.904749870300293, -2.228710651397705, -1.5577545166015625, -1.921959638595581, -4.988010406494141, -4.127113342285156, -4.601297378540039, -1.4326155185699463, -4.187432289123535, -1.431082844734192, -1.6591286659240723, -2.2993741035461426, -4.895486831665039, -1.6844944953918457, -1.9109141826629639, -2.4125869274139404, -1.5583449602127075, -2.629099130630493, -3.4156410694122314, -2.4727373123168945, -5.261902809143066, -5.691337585449219, -4.636294364929199, -6.743390083312988, -1.661364197731018, -4.025477409362793], "true_values": [-2.64, -3.85, -2.1, -3.23, -3.82, -2.68, -2.03, -2.36, -3.37, -3.21, -4.06, -3.6, -5.26, -0.89, -1.91, -1.29, -2.0, -3.67, -2.38, -2.63, -2.63, -3.12, -1.64, -1.5, -1.8, -3.05, -3.04, -3.21, -4.0, -2.31, -2.38, -2.54, -6.29, -7.28, -6.47, -7.39, -8.56, -8.65, -8.6, -8.71, -7.82, -7.66, -6.9, -4.35, 0.08, -1.24, -0.8, -0.41, -0.92, -1.0, -0.89, -0.74, -2.1, -0.29, -1.4, -2.22, -0.85, 0.32, -1.63, -0.19, -1.06, -1.84, -3.4, -0.04, -0.14, -0.66, -0.55, -0.43, -1.85, -3.96, 0.56, 0.11, 0.64, -4.3, -3.21, -4.28, -3.96, -3.69, -1.49, -0.46, -1.71, -2.7, 0.07, 0.36, -1.54, 0.61, 1.1, -1.45, -2.42, 1.1, -5.01, -4.43, -3.32, -3.22, -2.52, -1.71, -3.46, -2.64, -1.23, -2.93, -1.57, -5.06, 1.34, 1.0, 1.07, 1.06, 1.15, -0.4, -0.96, -2.92, -2.33, -1.96, -1.51, -3.38, -3.43, -5.46, -0.71, -1.46, -1.77, -2.26, -2.02, -5.16, 0.43, -6.7, -5.72, -3.37, -4.08, -3.54, -2.98, -2.99, -3.61, -0.42, -3.35, 1.07, -1.59, -1.91, -2.64, -2.53, -0.83, 0.31, 1.08, -0.09, 1.02, -1.56, -0.83, 0.35, -2.73, -0.12, -1.11, -1.39, -1.6, -2.16, -3.26, -2.8, -1.54, -1.31, -0.45, -2.62, -2.63, -0.29, -5.64, -1.23, -3.03, -0.73, -2.18, -2.07, -1.94, -2.91, 0.36, -2.34, -0.85, -4.46, -2.82, -3.9, -3.04, -3.97, -2.52, -1.55, -4.31, -3.78, -4.16, -4.24, -4.93, -4.53, -5.59, -3.27, -4.12, -4.46, -4.26, -2.59, -2.15, -3.66, -3.4, -3.04, -4.12, -4.29, -8.6, -2.15, -1.32, -6.32, -5.65, -2.0, -6.29, -7.91, -7.92, -7.2, -1.55, -1.6, -3.63, -1.2, -0.01, -2.58, -3.44, -5.33, -0.66, -4.4, -0.09, -0.42, -4.37, -2.34, -1.28, -1.92, -1.45, -3.18, -2.16, -4.16, -0.4, -0.72, -3.28, -2.8, -1.96, -1.37, -1.66, -0.22, -6.62, -4.11, -3.95, -2.57, -4.08, 0.49, -1.55, -2.15, -5.43, -2.88, -1.12, -4.27, -2.41, -2.08, -4.16, -3.08, -5.69, -4.38, -2.6, -5.09, -2.32, -3.99]}