{"mse": 1.1899588199987252, "predictions": [-1.5133914947509766, -2.0867936611175537, -1.5133914947509766, -1.8000925779342651, -2.0867936611175537, -1.8000925779342651, -1.5133914947509766, -1.8000925779342651, -2.66019606590271, -2.66019606590271, -2.946897268295288, -2.946897268295288, -4.093701362609863, -1.7586817741394043, -2.5723977088928223, -1.9669373035430908, -2.6237618923187256, -4.594236373901367, -3.067354440689087, -2.1702160835266113, -2.1702160835266113, -2.437406539916992, -1.9669373035430908, -1.6752593517303467, -1.9177098274230957, -3.113741874694824, -3.113741874694824, -3.192187547683716, -3.770566701889038, -2.270561933517456, -2.270561933517456, -2.8612356185913086, -5.4907732009887695, -6.1475982666015625, -6.1475982666015625, -6.804422378540039, -7.461247444152832, -7.461247444152832, -7.461247444152832, -7.461247444152832, -7.461247444152832, -7.461247444152832, -6.720999717712402, -3.6821675300598145, -1.178697109222412, -1.4653981924057007, -1.4653981924057007, -1.4653981924057007, -1.7520992755889893, -1.7520992755889893, -1.7520992755889893, -2.0388004779815674, -3.065748453140259, -1.4174048900604248, -2.0388004779815674, -2.6122028827667236, -1.178697109222412, -0.891995906829834, -1.369411587715149, -0.5573014616966248, -1.1307036876678467, -3.519041061401367, -2.564209461212158, -0.5573014616966248, -0.5573014616966248, -1.178697109222412, -1.178697109222412, -1.1307036876678467, -2.0388004779815674, -3.185605049133301, -0.891995906829834, -1.178697109222412, 0.20807397365570068, -4.665844917297363, -4.42713737487793, -6.070682525634766, -4.571117401123047, -4.857818603515625, -1.704106092453003, -1.6930570602416992, -2.2664592266082764, -3.3062283992767334, -1.5860214233398438, -1.9797581434249878, -2.7328262329101562, -1.2513270378112793, -1.012619137763977, -1.6754369735717773, -2.21846604347229, -1.012619137763977, -5.845305442810059, -6.098627090454102, -5.21714973449707, -0.8166136741638184, -2.015443801879883, -1.7287428379058838, -3.0855860710144043, -2.6368396282196045, -1.6040871143341064, -2.7685115337371826, -1.7877850532531738, -3.6630208492279053, -0.1525157392024994, -1.0716614723205566, -1.4063559770584106, -0.7849603295326233, -1.1196547746658325, -1.3103692531585693, 0.0505063533782959, -1.4900349378585815, -1.3103692531585693, -0.9756748676300049, 0.0505063533782959, -2.8272974491119385, -2.750983476638794, -3.722830057144165, -1.1746646165847778, -1.748067021369934, -2.3214690685272217, -1.126671314239502, -1.7591159343719482, -1.5327372550964355, -1.5104844570159912, -4.806918144226074, -4.837801933288574, -5.287240982055664, -5.839312553405762, -2.971534013748169, -2.554440498352051, -4.713838577270508, -3.0826332569122314, -1.185713768005371, -2.953913927078247, -0.5573014616966248, -1.5970704555511475, -1.1553404331207275, -4.345996856689453, -2.7310540676116943, -0.34323036670684814, -0.45026588439941406, -0.45026588439941406, -0.11557149887084961, -1.0716614723205566, -0.367867112159729, -2.362891435623169, 0.20807397365570068, -2.1361896991729736, -1.658651351928711, -1.3239569664001465, -1.369411587715149, -2.056957960128784, -2.026236057281494, -2.910719633102417, -2.695625066757202, -2.0388004779815674, -2.0388004779815674, -1.931764841079712, -1.5970704555511475, -2.21846604347229, -0.6520295143127441, -6.887845039367676, -0.845283031463623, -2.8343141078948975, -2.1704728603363037, -2.6122028827667236, -2.3501384258270264, -3.1265625953674316, -2.3571548461914062, -2.684832811355591, -2.243102788925171, -2.1224794387817383, -4.821384429931641, -3.0855860710144043, -3.6283586025238037, -3.030576229095459, -3.8796305656433105, -3.759007215499878, -3.831637144088745, -3.7110140323638916, -4.447484970092773, -3.4489495754241943, -3.8906795978546143, -5.420262336730957, -5.263371467590332, -4.9058122634887695, -4.309053421020508, -4.857818603515625, -5.096526145935059, -2.0867936611175537, -1.8000925779342651, -2.0867936611175537, -2.373494863510132, -2.66019606590271, -2.66019606590271, -2.946897268295288, -3.5202994346618652, -5.240506172180176, -2.410529613494873, -2.123828649520874, -7.544670104980469, -5.084216117858887, -2.035327196121216, -5.4907732009887695, -6.804422378540039, -6.804422378540039, -6.720999717712402, -1.7520992755889893, -1.7520992755889893, -2.6122028827667236, -2.0388004779815674, -0.891995906829834, -2.3255016803741455, -2.277508497238159, -3.4243128299713135, -0.8440026640892029, -3.328326463699341, -0.891995906829834, -1.1307036876678467, -4.665844917297363, -3.4358723163604736, -1.9797581434249878, -2.2664592266082764, -2.5531604290008545, -2.877251386642456, -2.21846604347229, -6.550379753112793, -0.056529223918914795, -1.3583626747131348, -2.743875026702881, -0.6409804821014404, -0.9166326522827148, -2.349881649017334, -1.269392728805542, -2.9075562953948975, -4.899762153625488, -3.9854073524475098, -4.451261520385742, -1.5490772724151611, -4.2675628662109375, -1.5860214233398438, -2.10739803314209, -1.9867746829986572, -4.786722183227539, -1.5970704555511475, -1.931764841079712, -2.373494863510132, -1.656112790107727, -2.6122028827667236, -2.823521852493286, -2.0375418663024902, -4.475897789001465, -5.71868896484375, -4.632698059082031, -5.785004615783691, -1.8837716579437256, -3.4969427585601807], "true_values": [-2.64, -3.85, -2.1, -3.23, -3.82, -2.68, -2.03, -2.36, -3.37, -3.21, -4.06, -3.6, -5.26, -0.89, -1.91, -1.29, -2.0, -3.67, -2.38, -2.63, -2.63, -3.12, -1.64, -1.5, -1.8, -3.05, -3.04, -3.21, -4.0, -2.31, -2.38, -2.54, -6.29, -7.28, -6.47, -7.39, -8.56, -8.65, -8.6, -8.71, -7.82, -7.66, -6.9, -4.35, 0.08, -1.24, -0.8, -0.41, -0.92, -1.0, -0.89, -0.74, -2.1, -0.29, -1.4, -2.22, -0.85, 0.32, -1.63, -0.19, -1.06, -1.84, -3.4, -0.04, -0.14, -0.66, -0.55, -0.43, -1.85, -3.96, 0.56, 0.11, 0.64, -4.3, -3.21, -4.28, -3.96, -3.69, -1.49, -0.46, -1.71, -2.7, 0.07, 0.36, -1.54, 0.61, 1.1, -1.45, -2.42, 1.1, -5.01, -4.43, -3.32, -3.22, -2.52, -1.71, -3.46, -2.64, -1.23, -2.93, -1.57, -5.06, 1.34, 1.0, 1.07, 1.06, 1.15, -0.4, -0.96, -2.92, -2.33, -1.96, -1.51, -3.38, -3.43, -5.46, -0.71, -1.46, -1.77, -2.26, -2.02, -5.16, 0.43, -6.7, -5.72, -3.37, -4.08, -3.54, -2.98, -2.99, -3.61, -0.42, -3.35, 1.07, -1.59, -1.91, -2.64, -2.53, -0.83, 0.31, 1.08, -0.09, 1.02, -1.56, -0.83, 0.35, -2.73, -0.12, -1.11, -1.39, -1.6, -2.16, -3.26, -2.8, -1.54, -1.31, -0.45, -2.62, -2.63, -0.29, -5.64, -1.23, -3.03, -0.73, -2.18, -2.07, -1.94, -2.91, 0.36, -2.34, -0.85, -4.46, -2.82, -3.9, -3.04, -3.97, -2.52, -1.55, -4.31, -3.78, -4.16, -4.24, -4.93, -4.53, -5.59, -3.27, -4.12, -4.46, -4.26, -2.59, -2.15, -3.66, -3.4, -3.04, -4.12, -4.29, -8.6, -2.15, -1.32, -6.32, -5.65, -2.0, -6.29, -7.91, -7.92, -7.2, -1.55, -1.6, -3.63, -1.2, -0.01, -2.58, -3.44, -5.33, -0.66, -4.4, -0.09, -0.42, -4.37, -2.34, -1.28, -1.92, -1.45, -3.18, -2.16, -4.16, -0.4, -0.72, -3.28, -2.8, -1.96, -1.37, -1.66, -0.22, -6.62, -4.11, -3.95, -2.57, -4.08, 0.49, -1.55, -2.15, -5.43, -2.88, -1.12, -4.27, -2.41, -2.08, -4.16, -3.08, -5.69, -4.38, -2.6, -5.09, -2.32, -3.99]}