{"mse": 1.1424578400840444, "predictions": [-2.8324689865112305, -2.676243543624878, -6.604599475860596, -4.929697513580322, -4.888076305389404, -1.8957428932189941, -2.1195192337036133, -1.834015965461731, -3.489802360534668, -1.8957428932189941, -8.252761840820312, -4.550976276397705, -6.327345848083496, -3.735170602798462, -2.8324689865112305, -5.505824089050293, -2.219881534576416, -0.7836491465568542, -3.2331767082214355, -5.106628894805908, -3.8576607704162598, -6.055211544036865, -3.8576607704162598, -0.7629430294036865, -3.3647689819335938, -3.8576607704162598, -1.984208583831787, -2.9209346771240234, -0.7438007593154907, -2.6086926460266113, -1.5069316625595093, -0.8705510497093201, -2.8324689865112305, -1.9927688837051392, -4.667636394500732, -5.085756778717041, -1.984208583831787, -2.617035388946533, -2.296450614929199, -2.8324689865112305, -4.9564361572265625, -0.6553350687026978, -1.671966552734375, -3.062368869781494, -1.8957428932189941, -1.583500862121582, -2.1328885555267334, -6.44107723236084, -1.182793140411377, -4.004868030548096, -6.001734256744385, -3.2331767082214355, -6.355597019195557, -4.814326763153076, -5.953376770019531, -4.998528957366943, -2.3050107955932617, -1.904085636138916, -3.9772610664367676, -1.4758927822113037, -1.4758927822113037, -1.368284821510315, -2.5335962772369385, -4.178245544433594, -2.620549440383911, -2.2624261379241943, -2.2079849243164062, -5.5541815757751465, -2.6086926460266113, -1.27125883102417, -2.617252826690674, -2.296450614929199, -5.6010260581970215, -0.6467747688293457, -2.2336974143981934, -1.495035171508789, -4.210975170135498, -1.3214399814605713, -0.558309018611908, -2.754127264022827, -1.8072772026062012, -4.081437110900879, -4.794386863708496, -4.665863990783691, -1.8957428932189941, -4.504074573516846, -1.4255030155181885, -4.790633678436279, -8.727054595947266, -3.7442798614501953, -1.999388337135315, -3.5454187393188477, -0.08103203773498535, -4.951627254486084, -5.4657158851623535, -3.21403431892395, -2.5589756965637207, -1.9267816543579102, -2.6989688873291016, -2.011953592300415, -4.189842700958252, -3.847078800201416, -1.0474824905395508, -3.3493449687957764, -1.359724521636963, -4.712708950042725, -3.330202579498291, -4.169902801513672, -2.296450614929199, -1.8174011707305908, -1.27125883102417, -3.224158525466919, -1.713038444519043, -3.536400556564331, -6.1595234870910645, -3.94793701171875, -7.153987407684326, -4.440524101257324, -1.182793140411377, -3.819376230239868, -2.514453887939453, -4.841231822967529, -4.989912033081055, -4.4022393226623535, -1.671966552734375, -2.8324689865112305, -3.222594738006592, -1.2521164417266846, -3.075179100036621, -0.315390408039093, -3.8576607704162598, -3.5245039463043213, 2.616314172744751, -6.485655784606934, -1.9650663137435913, -4.752766132354736, -5.106628894805908, -3.5864908695220947, -7.703375339508057, -3.248356342315674, -7.153987407684326, -3.2455544471740723, -4.448120594024658, -2.911916494369507, -3.2316641807556152, -3.730910539627075, -4.888076305389404, -0.9590167999267578, -7.604565143585205, -4.686779022216797, -4.941594123840332, -1.8072772026062012, -0.8322664499282837, -6.0433549880981445, -4.228644371032715, -2.8324689865112305, -2.6086926460266113, -3.8556389808654785, -1.8957428932189941, -1.671966552734375, -2.6086926460266113, -6.355597019195557, -2.7023823261260986, -6.128795623779297, -2.41261887550354, -1.27125883102417, -2.296450614929199, -2.1195192337036133, -3.3684873580932617, -2.3867268562316895, -3.2331767082214355, -3.0112109184265137, -2.6086926460266113, -1.984208583831787, 0.42003798484802246, -5.053462028503418, -1.9834511280059814, -1.0560427904129028, -1.8072772026062012, -2.2079849243164062, -2.3050107955932617, -3.019771099090576, -4.841231822967529, -3.8576607704162598, -7.153987407684326, -4.9564361572265625, -5.241939544677734, -1.583500862121582, -4.197605609893799, -3.8576607704162598, -1.583500862121582, -3.0371029376983643, -3.6109797954559326, -6.001734256744385, -6.055211544036865, -2.4317612648010254, -2.528787136077881, -2.617252826690674, -6.090199947357178, -3.324429750442505, -2.589550256729126, -5.551309108734131, -2.4451305866241455, -4.504074573516846, -2.6822762489318848, -6.0415825843811035, -1.775780439376831, -6.400669574737549, -1.5452162027359009, -7.628278732299805, -1.8957428932189941, -2.6822762489318848, -3.564012289047241, -5.664633750915527, -3.4821791648864746, -3.2331767082214355, -1.8957428932189941, -0.9590167999267578, -3.2415194511413574, -3.9368085861206055, -3.566096782684326, -1.0474824905395508, 0.1929253339767456, -5.112981796264648, -1.4758927822113037, -2.861539363861084], "true_values": [-2.06, -1.5, -7.32, -5.03, -4.42, -1.81, -3.17, -1.64, -3.127, -0.62, -9.15, -3.68, -5.931, -5.46, -1.96, -6.01, -0.466, 0.32, -3.28, -6.0, -4.29, -7.25, -4.17, -1.74, -3.61, -5.21, -3.03, -3.04, -1.886, -2.82, -1.947, -0.72, -2.46, -2.39, -2.925, -5.752000000000001, -2.36, -3.408, -4.36, -1.64, -6.56, -2.82, -2.03, -3.85, -1.3, -0.72, -0.7, -4.09, 0.62, -2.62, -5.35, -3.6, -7.02, -6.34, -6.89, -4.13, -2.016, -4.04, -4.55, -1.82, -2.33, -2.4, -3.12, -4.194, -2.31, -3.2, -1.29, -3.999, -4.47, -0.24, -2.322, -3.51, -6.005, 0.43, -3.37, -1.87, -3.26, 1.1, -0.14, -1.877, -2.35, -4.73, -6.96, -4.873, -0.88, -3.952, -1.77, -4.86, -7.278, -2.86, -1.32, -4.64, -1.6, -4.571000000000001, -5.184, -3.03, -2.0, -0.78, -3.81, -0.22, -5.233, -3.796, -1.94, -2.56, -2.33, -4.71, -3.672, -5.0, -3.85, -1.99, 0.11, -3.04, -2.77, -4.0, -5.507000000000001, -4.4, -8.01, -3.893, -0.77, -2.7, -1.52, -3.48, -5.839, -4.907, -2.64, -2.92, -2.93, 1.02, -3.18, 1.58, -4.89, -3.68, -2.22, -4.445, -0.41, -2.9, -6.176, -2.338, -7.92, -3.63, -7.68, -3.04, -4.8, -2.676, -2.67, -3.1710000000000003, -4.37, -0.39, -9.332, -2.98, -4.871, -1.85, -0.807, -6.59, -3.5380000000000003, -2.22, -4.3, -3.638, -1.45, -2.56, -4.15, -8.0, -2.7, -5.46, -2.452, -0.03, -3.01, -2.32, -4.69, -3.08, -6.08, -3.19, -2.82, -3.84, 0.64, -3.604, -3.05, -1.228, -0.7, -1.98, -2.253, -2.647, -5.19, -4.72, -7.39, -5.21, -4.743, -0.49, -3.84, -5.23, -0.67, -3.224, -4.23, -5.115, -7.39, -3.38, -2.676, -1.83, -5.24, -2.878, -1.92, -5.613, -2.46, -4.89, -1.79, -5.41, -5.16, -4.173, 0.61, -6.86, -1.47, -1.34, -3.2460000000000004, -4.099, -2.6, -4.12, -1.4, 0.32, -3.35, -3.39, -3.24, -1.08, -0.4, -6.237, -2.44, -1.71]}