{"mse": 0.7384294011034873, "predictions": [-2.0513675212860107, -1.7366515398025513, -1.7366515398025513, -2.3660833835601807, -2.3660833835601807, -2.9955151081085205, -2.9955151081085205, -2.3660833835601807, -3.6249470710754395, -3.9396631717681885, -3.3102312088012695, -3.6249470710754395, -3.6249470710754395, -3.9396631717681885, -4.569094657897949, -5.198526382446289, -6.142674446105957, -3.9735500812530518, -6.142674446105957, -1.15028715133667, -2.9458258152008057, -1.3764127492904663, -1.7797188758850098, -2.2733266353607178, -1.9155430793762207, -2.374537706375122, -1.934363842010498, -6.557511329650879, -2.464939594268799, -3.4817845821380615, -4.649803161621094, -2.923933982849121, -2.5449750423431396, -5.0815229415893555, -5.809811592102051, -6.53809928894043, -7.266386985778809, -7.266386985778809, -7.266386985778809, -7.994675636291504, -8.722963333129883, -8.722963333129883, -3.7238030433654785, -0.5264946818351746, -0.5264946818351746, -1.1559264659881592, -1.1559264659881592, -1.1559264659881592, -1.1559264659881592, -2.0524604320526123, -1.4706425666809082, -1.4706425666809082, -1.4706425666809082, -1.7853584289550781, -1.9792976379394531, -2.100074291229248, -1.3515582084655762, -1.6662741899490356, -1.7853584289550781, -3.798908233642578, -3.239853620529175, -1.7108094692230225, -0.5332453846931458, -1.16267728805542, -2.106825113296509, -1.4773931503295898, -0.27398693561553955, -3.197298288345337, -3.1064302921295166, -6.295897483825684, -0.3859736919403076, -1.644837498664856, -1.3390893936157227, -0.016165390610694885, -0.6455971598625183, -1.1542524099349976, -0.960313081741333, -1.275029182434082, -1.4689685106277466, -3.818305253982544, -0.6455971598625183, -0.06726844608783722, -1.253257155418396, -1.7619125843048096, -1.3740339279174805, -3.6072187423706055, -3.5740175247192383, -4.011087417602539, -2.778231382369995, -0.5990917682647705, -2.2241246700286865, -2.519713878631592, -0.5593177080154419, -1.7610129117965698, -2.5854461193084717, -2.0950727462768555, -0.4886702299118042, -1.6284496784210205, -1.770538330078125, -2.085254430770874, -4.395255088806152, -2.2482120990753174, -4.74305534362793, -1.6187803745269775, -4.726991653442383, -0.21552562713623047, -1.7855714559555054, -3.424556016921997, -3.1011745929718018, -3.67675518989563, -1.1176801919937134, -2.0921294689178467, -2.576295852661133, -3.9085519313812256, -4.211633682250977, -3.0142953395843506, -3.1669464111328125, -0.2866535186767578, 0.21552765369415283, -1.0398211479187012, -1.8181813955307007, -1.8997111320495605, 0.30458390712738037, -0.639563798904419, -1.5837116241455078, 0.3186284899711609, -1.940295934677124, -0.5677511692047119, -1.6316134929656982, -2.9857230186462402, -1.2206296920776367, -1.779684066772461, -2.116875648498535, -2.9028728008270264, -3.2747573852539062, -1.8956334590911865, -2.668973922729492, -3.0874874591827393, -4.212380409240723, -2.085254430770874, -1.9447596073150635, -2.251042127609253, -3.2556588649749756, -3.7643139362335205, -5.518842697143555, -5.518842697143555, -0.617565929889679, -3.4256479740142822, -1.1887494325637817, -6.459860801696777, -2.07572865486145, -3.3941612243652344, -0.607772946357727, -2.701702356338501, -2.727832078933716, -4.472098350524902, -2.957932710647583, -1.45473051071167, -2.0841619968414307, -4.362399101257324, -2.4215409755706787, -0.7880423069000244, -0.5267078280448914, -2.092865228652954, -0.6687477827072144, -0.43867409229278564, -0.3624652624130249, -1.3421584367752075, 1.7476986646652222, -5.806217193603516, -2.8720037937164307, -1.7337441444396973, -3.5583908557891846, -2.3660833835601807, -3.6178181171417236, -3.053511381149292, -4.618321418762207, -2.261579751968384, -3.2133686542510986, -4.377762794494629, -2.414790153503418, -5.048871040344238, -2.7870805263519287, -3.391761064529419, -2.9804084300994873, -2.9951887130737305, -4.946807861328125, -4.709508895874023, -3.507075786590576, -2.7496225833892822, -5.309741973876953, -2.90838885307312, -4.296440124511719, -2.9570953845977783, -3.3071892261505127, -4.54742431640625, -2.3932464122772217, -4.7052412033081055, -4.68900203704834, -5.909487724304199, -4.00783634185791, -2.2632243633270264, -5.4217939376831055, -4.699759483337402, -4.945233345031738, -2.7533559799194336, -1.7366515398025513, -1.4219355583190918, -4.012825965881348, -4.883810997009277, -6.457390785217285, -1.4388442039489746, -1.2861113548278809, -1.7451057434082031, -2.609218120574951, -5.0815229415893555, -6.53809928894043, -9.451251029968262, -0.8412105441093445, -1.7853584289550781, -1.6662741899490356, -2.610421657562256, -2.610421657562256, -1.16267728805542, -2.903701066970825, -1.589745044708252, -3.5672671794891357, -2.079846143722534, -6.693336486816406, -3.813377857208252, -2.2136781215667725, -2.9788386821746826, -0.8824670314788818, -0.010132014751434326, -5.530287742614746, -0.2847314774990082, -4.938117027282715, -4.167397499084473, -2.3427388668060303, -5.513242721557617, -2.6646907329559326, -2.325223684310913, -2.4215409755706787, -3.85337233543396, -1.7575544118881226, -2.1684110164642334, -7.191777229309082, -3.1633248329162598, -2.5324559211730957, -5.065402030944824, -5.421428680419922, -2.8776440620422363, -1.837035059928894, -4.6732587814331055, -3.4539926052093506, -4.4938249588012695, -4.073883056640625], "true_values": [-3.52, -1.97, -1.64, -2.8, -2.77, -3.66, -3.89, -2.82, -4.31, -4.91, -3.77, -4.29, -4.72, -4.92, -5.89, -6.68, -8.8, -4.38, -8.23, -0.63, -2.6, -2.29, -1.6, -1.92, -2.51, -2.3, -1.3, -6.29, -2.38, -3.5, -4.57, -3.52, -2.39, -6.56, -6.26, -7.39, -7.32, -7.21, -7.43, -8.42, -7.92, -8.3, -3.93, 0.0, 0.43, -0.89, -0.8, -0.72, -0.38, -1.81, -1.47, -1.52, -0.85, -1.72, -1.72, -1.38, 0.0, -0.7, -0.92, -2.82, -2.39, -1.3, 0.52, -0.8, -2.59, -1.33, 0.22, -3.31, -5.19, -6.81, 0.28, -1.86, -1.47, 0.52, -0.72, -1.24, -1.36, -1.21, -2.0, -4.1, -0.74, 0.48, -0.99, -1.62, -1.1, -4.6, -3.11, -3.77, -3.15, 0.3, -1.09, -1.85, 0.84, -1.21, -3.03, 0.79, 0.96, -2.54, -2.39, -2.59, -3.81, -2.06, -4.35, -1.39, -4.3, -1.95, -2.61, -1.76, -2.18, -3.18, -1.26, -3.62, -2.82, -3.68, -4.49, -3.14, -2.81, -0.17, -0.31, -0.8, -1.0, -2.38, 0.97, 0.1, -0.35, -0.85, -0.95, 1.11, -0.96, -3.28, -0.8, -1.01, -2.41, -3.24, -4.24, -3.15, -2.57, -2.48, -4.89, -2.12, -1.64, -1.74, -4.11, -4.23, -3.95, -3.82, -0.36, -4.6, -0.96, -8.4, -1.04, -3.01, -0.46, -3.13, -3.48, -5.4, -3.59, -0.68, -2.09, -3.8, -2.06, -2.28, 0.3, -1.5, -1.96, -2.63, -0.2, -1.47, 1.09, -5.82, -3.31, -1.99, -3.39, -4.47, -2.82, -2.45, -5.4, -3.7, -3.29, -4.19, -1.99, -5.74, -3.75, -3.12, -2.56, -3.59, -6.02, -6.34, -2.64, -2.93, -4.2, -1.89, -3.57, -1.91, -1.87, -4.84, -3.07, -4.74, -5.19, -4.46, -4.0, -2.87, -5.37, -4.42, -4.58, -1.42, -3.68, -2.68, -5.21, -6.57, -7.92, -1.17, -1.47, -2.37, -2.55, -5.28, -6.8, -9.15, -0.4, -1.6, -0.68, -2.22, -2.28, -0.6, -2.65, -1.85, -2.97, -1.06, -6.29, -3.66, -3.28, -2.43, 1.0, 0.85, -4.44, 0.32, -4.35, -3.8, -2.72, -7.11, -3.9, -2.22, -1.85, -5.47, -1.2, -3.02, -6.62, -2.85, -4.11, -3.59, -3.8, -2.34, -3.47, -4.09, -3.64, -5.49, -2.47]}