{"mse": 1.2450748946074122, "predictions": [-1.9715676307678223, -2.2519969940185547, -2.2519969940185547, -2.8128557205200195, -2.532426357269287, -2.2519969940185547, -2.8128557205200195, -3.3737144470214844, -3.3737144470214844, -3.3737144470214844, -4.495431900024414, -4.7758612632751465, -5.617149353027344, -6.178008079528809, -3.8277971744537354, -4.495431900024414, -5.617149353027344, -6.178008079528809, -2.363842010498047, -3.0544238090515137, -1.2307535409927368, -1.9521369934082031, -1.5419846773147583, -2.234119176864624, -2.2333426475524902, -1.8216376304626465, -2.383272647857666, -5.843945503234863, -2.6637020111083984, -2.6329002380371094, -2.645824432373047, -5.563516139984131, -4.590951919555664, -2.4829189777374268, -4.459676265716553, -2.352470874786377, -2.6629257202148438, -2.6637020111083984, -4.0658488273620605, -4.0658488273620605, -4.757983207702637, -4.757983207702637, -5.450118064880371, -5.450118064880371, -5.450118064880371, -5.450118064880371, -6.142252445220947, -6.142252445220947, -7.526521682739258, -8.91079044342041, -9.602924346923828, -1.1153780221939087, -1.1153780221939087, -1.1153780221939087, -1.3958073854446411, -1.3958073854446411, -1.3958073854446411, -1.3958073854446411, -1.6762367486953735, -1.6762367486953735, -1.6762367486953735, -1.6762367486953735, -1.956666111946106, -3.078383445739746, -1.1004765033721924, -1.956666111946106, -2.5175247192382812, -3.078383445739746, -1.6762367486953735, -1.956666111946106, -2.237095355987549, -2.237095355987549, -1.6613352298736572, -3.0485806465148926, -1.3809058666229248, -1.5396578311920166, -0.82004714012146, -1.3809058666229248, -1.9417645931243896, -1.9417645931243896, -0.5396177768707275, -0.82004714012146, -1.6315321922302246, -5.5575432777404785, -4.155396461486816, -1.1004765033721924, -0.8349486589431763, -2.783052682876587, -3.639242172241211, 0.3761777877807617, -5.277113914489746, -5.0115861892700195, -5.938617706298828, -1.9387882947921753, -1.5843623876571655, -2.4256503582000732, -1.4775863885879517, -1.4775863885879517, -1.864791750907898, -1.864791750907898, -2.145220994949341, -3.440592050552368, -1.864791750907898, -1.864791750907898, -0.7950502634048462, -1.5694608688354492, -0.43284183740615845, -5.123167991638184, -2.7873480319976807, -2.864673614501953, -2.179499864578247, -5.071033954620361, -1.3956491947174072, -2.638885974884033, -2.222193956375122, -6.477319240570068, -2.2740118503570557, 0.05104398727416992, -2.450330972671509, -2.5545992851257324, -4.352900505065918, -1.7032158374786377, -0.6064952611923218, -3.1601626873016357, -0.7281727194786072, -0.9018261432647705, -1.8498902320861816, -2.1005165576934814, -2.276496648788452, -4.249100685119629, -3.7157180309295654, -4.389444351196289, -4.775873184204102, -1.435208797454834, -2.5112228393554688, -2.274169921875, -3.780116558074951, -3.306478261947632, -1.0706734657287598, -2.9567060470581055, -1.6611770391464233, -2.130319595336914, -5.5575432777404785, 0.7287740707397461, 2.128455638885498, -0.045636534690856934, 0.03614246845245361, -1.0086021423339844, -0.6064952611923218, -0.7801487445831299, -1.544463872909546, -2.058138847351074, -1.8498902320861816, -1.956666111946106, -3.234159231185913, -2.556415319442749, -1.6613352298736572, -1.6613352298736572, -2.2519969940185547, -2.86232328414917, -2.130319595336914, -6.670331954956055, -2.8885550498962402, -3.6064627170562744, -2.618997573852539, -2.5940005779266357, -1.2044284343719482, -2.5175247192382812, -2.5175247192382812, -2.5175247192382812, -2.5026233196258545, -2.8938088417053223, -2.904572010040283, -2.477626323699951, -3.1999027729034424, -2.5026233196258545, -3.1999027729034424, -2.676276683807373, -2.4877219200134277, -3.6435375213623047, -3.547367811203003, -3.14526104927063, -2.6613752841949463, -2.7532496452331543, -3.237135410308838, -3.62847900390625, -3.639242172241211, -4.055266380310059, -3.3439114093780518, -4.484294414520264, -2.6464738845825195, -3.4256904125213623, -4.9109015464782715, -4.020986080169678, -3.5175647735595703, -3.3288516998291016, -3.222234010696411, -4.001450538635254, -3.487761974334717, -4.770557880401611, -4.465628623962402, -5.016392230987549, -5.026487350463867, -4.6094794273376465, -4.293943405151367, -4.003915786743164, -5.969248294830322, -5.316654205322266, -3.934573173522949, -5.056290626525879, -1.5111829042434692, -2.5145485401153564, -2.943355083465576, -3.073854446411133, -4.0658488273620605, -1.1153780221939087, -1.6762367486953735, -0.82004714012146, -1.3809058666229248, -4.551372051239014, -1.085574984550476, -2.073040246963501, -2.7060797214508057, -0.9937005639076233, -1.4328818321228027, -2.5321099758148193, -1.2342314720153809, -1.5545592308044434, -2.115417957305908, -2.542024612426758, -1.1524524688720703, -2.9633283615112305, -2.5175247192382812, -4.149443626403809, -0.030735015869140625, -1.0086021423339844, -2.042238473892212, -2.7502732276916504, -1.956666111946106, -1.7282127141952515, -1.820087194442749, -2.5175247192382812, -4.4573493003845215, -2.783052682876587, -2.5438361167907715, -2.7532496452331543, -4.122970104217529, -4.465628623962402, -4.827836990356445, -5.550113677978516, -1.3511028289794922, -2.4102516174316406, -3.4078125953674316, -4.435825824737549, -8.349931716918945], "true_values": [-4.53, -5.24, -4.44, -4.0, -4.24, -2.82, -3.75, -4.14, -4.89, -4.63, -5.96, -8.04, -8.19, -9.03, -5.17, -6.89, -8.0, -8.66, -1.9, -3.14, -1.6, -1.68, -1.41, -1.62, -1.85, -2.43, -3.12, -4.59, -3.99, -4.81, -1.96, -5.18, -4.23, -3.13, -4.63, -2.78, -3.19, -3.52, -4.54, -4.88, -5.8, -6.39, -6.25, -6.14, -6.01, -6.21, -7.25, -6.51, -7.42, -9.16, -10.41, -0.6, -0.47, -0.2, -0.7, -0.49, -1.11, -1.17, -1.55, -1.38, -1.08, -1.15, -2.11, -4.67, -0.17, -1.19, -2.41, -3.48, -1.42, -2.05, -1.06, -1.83, -0.89, -2.21, -1.45, -1.68, -0.82, -1.92, -3.39, -2.71, -0.22, -0.8, -1.66, -6.96, -5.64, -0.77, -0.85, -5.31, -4.85, 0.51, -4.63, -4.71, -4.71, -0.11, -0.14, -2.28, -0.42, -0.38, -0.85, -1.53, -1.7, -2.3, 0.38, 0.38, -0.91, -1.16, -0.07, -4.19, -2.11, -2.27, -3.05, -4.26, -1.36, -2.43, -1.56, -4.52, -2.96, 0.7, -3.81, -3.0, -3.76, -1.98, -1.52, -4.45, 1.07, 0.94, -1.33, -2.05, -1.52, -4.77, -3.61, -4.82, -6.09, -0.29, -3.25, -3.37, -4.37, -3.14, -0.96, -3.95, -1.61, -0.95, -5.35, -1.37, -2.22, -0.9, 1.12, -0.46, -0.06, -0.53, -0.47, -2.29, -1.61, -1.41, -1.62, -1.84, -0.88, -1.63, -4.33, -2.86, -1.92, -5.46, -3.12, -3.77, -2.55, -2.08, -0.17, -1.99, -2.06, -2.53, -3.03, -3.24, -2.09, -2.24, -3.4, -4.63, -3.68, -3.3, -3.16, -4.7, -2.78, -3.15, -1.22, -2.78, -4.61, -4.36, -4.73, -3.8, -1.93, -5.38, -1.61, -4.11, -5.22, -3.79, -3.78, -2.06, -2.71, -1.89, -0.48, -4.19, -5.24, -5.47, -4.3, -5.54, -2.88, -3.14, -4.95, -3.21, -4.62, -8.06, -2.09, -2.7, -5.06, -3.54, -5.2, -0.29, -1.22, -0.1, -1.92, -3.43, -1.82, -3.31, -1.92, -0.84, -2.21, -2.41, -0.97, -1.03, -3.54, -2.84, -2.69, -2.75, -2.92, -4.02, -0.74, 1.02, -3.27, -2.51, -2.33, -2.17, -1.91, -1.99, -5.03, -2.59, -5.53, -2.28, -2.64, -4.95, -2.63, -5.41, -1.72, -3.85, -3.8, -2.9, -6.86]}