{"mse": 1.5731241865134584, "predictions": [-1.831131100654602, -6.684803009033203, -1.2821708917617798, -2.273402214050293, -3.161367893218994, -1.381591558456421, -3.470722198486328, -3.839399576187134, -3.82297420501709, -4.825106620788574, -1.9085698127746582, -2.8549652099609375, -2.989398717880249, -2.6190309524536133, -2.738473892211914, -3.87182879447937, 0.30687546730041504, -1.4967130422592163, 0.05468916893005371, -3.6012020111083984, -1.381591558456421, -2.899801254272461, -4.406867980957031, -0.7684180736541748, -3.2454299926757812, -3.0640804767608643, -7.034433364868164, -2.344951868057251, -3.213000774383545, -0.0293729305267334, -2.3019864559173584, -0.6915959715843201, -1.8398665189743042, -1.1981086730957031, -1.5953702926635742, -1.366232991218567, -0.8451825380325317, -2.556950807571411, -1.5953702926635742, -1.2783257961273193, -5.663118362426758, -1.9926319122314453, -1.3013746738433838, -2.764106273651123, -3.1899518966674805, -2.84816837310791, -4.6248626708984375, -2.9322304725646973, -2.50253963470459, -4.284448623657227, -3.264392375946045, -3.604738235473633, -3.61832332611084, -0.22608113288879395, -1.9085698127746582, -5.447902679443359, -5.03671932220459, -4.6551313400268555, -3.293217658996582, -2.9322304725646973, -2.879991054534912, -8.152142524719238, -1.8099124431610107, -3.125093460083008, -5.20286750793457, -3.8069703578948975, -3.9520459175109863, -3.7229084968566895, -3.4097089767456055, 0.39093756675720215, -0.3387272357940674, -2.4701106548309326, -1.2821708917617798, -4.956502914428711, -4.704316139221191, -4.4797868728637695, -2.7337300777435303, -1.5398924350738525, -2.50253963470459, -1.6272987127304077, -3.3183493614196777, -7.082064628601074, -0.6519267559051514, -3.931522846221924, -1.8099124431610107, -2.5276710987091064, -3.7804691791534424, -1.5556435585021973, -2.221769332885742, -1.2821708917617798, -2.2215278148651123, -2.634389638900757, -4.519514083862305, -4.872440338134766, -2.260995388031006, -3.474567174911499, -3.031229257583618, -1.7272202968597412, -3.8163509368896484, -1.4041972160339355, -3.0640804767608643, -1.5953702926635742, -2.3058314323425293, -2.3019864559173584, -5.751026153564453, -6.547024726867676, -9.222220420837402, -3.5586295127868652, -1.5953702926635742, -1.1981086730957031, -2.764106273651123, -5.718596458435059, -5.179038047790527, -1.824507713317871, -1.405458927154541, -7.790213584899902, -1.1981086730957031, -1.1981086730957031, -5.269701957702637, -5.066450119018555, -0.6327229738235474, -3.9626810550689697, 0.28767168521881104, -2.8430016040802, -0.8716839551925659, -6.638384819030762, -1.511308193206787, -1.2821708917617798, -2.176114797592163, -0.936542272567749, -2.9322304725646973, -1.9085698127746582, -4.807581901550293, -2.9322304725646973, -4.057394504547119, -2.84816837310791, -2.3058314323425293, -6.522500038146973, -0.6557718515396118, -1.9887869358062744, -2.5119197368621826, -1.5953702926635742, -1.6794325113296509, -0.22608113288879395, -3.839399576187134, -5.751026153564453, -2.3058314323425293, -2.6078882217407227, -3.0529279708862305, -3.2687692642211914, -2.6190309524536133, -0.1936519742012024, -3.077305555343628, -2.5251667499542236, -0.35793113708496094, -3.735527276992798, -7.173423767089844, -4.838682174682617, -2.273402214050293, -2.7376554012298584, -1.9887869358062744, -2.221769332885742, -1.6794325113296509, -4.933453559875488, -0.2546651363372803, -3.193296194076538, -4.712309837341309, -3.305123805999756, -1.5953702926635742, -1.9085698127746582, -5.779609680175781, -3.548182249069214, -2.137707233428955, -2.2409732341766357, -0.2585102915763855, -9.159945487976074, -3.474567174911499, -4.1679582595825195, -1.0564284324645996, -2.84816837310791, -1.862915277481079, -2.418477773666382, -1.1200251579284668, -1.9926319122314453, -1.9926319122314453, -4.1574602127075195, -6.041175842285156, -5.1015777587890625, -4.414165496826172, -0.3387272357940674, -5.124627113342285, -3.2998411655426025, -2.221769332885742, -1.3623878955841064, -3.690479278564453, -1.2821708917617798, -1.9085698127746582, -0.2585102915763855, -1.1360286474227905, -5.437826156616211, -3.2454299926757812, 0.4980485439300537, -1.9085698127746582, -3.474567174911499, -7.082064628601074, -3.193296194076538, -4.100359916687012, -2.84816837310791, -2.3058314323425293, -5.431397438049316, -1.511308193206787, -2.5488905906677246, -3.3580758571624756, -2.3019864559173584, -6.377425193786621, -1.5953702926635742, -3.9520459175109863, -1.2821708917617798, -4.460583686828613, -3.470722198486328, -3.703704595565796, -2.221769332885742, -1.1981086730957031, -2.3058314323425293, -1.6794325113296509], "true_values": [-1.33, -6.29, -0.47, -1.0, -2.94, -1.39, -4.805, -3.504, -3.927, -4.15, -1.55, -3.083, -4.76, -3.66, -2.523, -4.14, 0.39, -0.63, 0.58, -4.7, -2.523, -1.45, -4.54, -1.01, -5.51, -2.24, -7.337000000000001, -1.96, -1.92, 1.57, -2.468, -1.077, -1.95, 0.81, -1.24, -1.87, -0.02, -2.253, -1.3, -1.807, -6.301, -3.68, 1.1, -3.8, -1.601, -2.28, -5.696000000000001, -4.24, -2.16, -3.19, -3.658, -4.57, -3.785, 0.85, -1.22, -7.28, -4.678, -6.98, -2.09, -3.21, -1.74, -9.16, -1.29, -6.49, -4.64, -2.68, -2.596, -3.15, -3.536, 0.74, -3.39, -1.6, -0.66, -4.43, -3.09, -4.77, -3.01, -0.985, -2.54, -0.89, -3.483, -6.307, -3.0, -4.4110000000000005, -1.06, -2.38, -3.93, -0.29, -1.29, -0.18, -4.31, -1.95, -2.73, -2.84, -1.09, -3.48, -1.981, -2.15, -4.7, -0.85, -0.624, -0.71, -3.73, -2.39, -7.11, -7.92, -11.6, -3.7, -0.62, -1.36, -3.03, -6.2, -4.706, -1.28, -1.09, -5.292999999999999, -0.43, -0.42, -4.402, -4.047, -1.24, -1.8, -1.25, -2.67, -1.155, -6.51, -1.96, -0.99, -0.8540000000000001, 1.11, -3.11, -1.52, -3.27, -5.88, -3.499, -2.32, -4.53, -5.27, 0.58, -2.077, -3.0210000000000004, -1.52, -1.64, -0.62, -5.27, -8.6, -3.82, -2.57, -5.53, -4.03, -2.8, -0.4, -2.59, -0.83, -3.93, -3.1, -7.15, -4.207, 0.51, -3.364, -3.168, -1.4, -2.09, -4.88, -1.456, -3.21, -6.78, -4.43, -1.11, -1.08, -6.025, -4.1, -2.74, -2.16, 0.46, -3.931, -4.8, -3.36, -0.972, -2.22, 0.02, -3.54, -3.401, -2.68, -3.23, -3.79, -6.6370000000000005, -3.24, -6.35, -3.1, -8.4, -2.07, -2.05, -2.349, -0.364, 0.15, -0.73, 0.15, -3.22, -6.68, -3.77, 0.79, -1.3, -3.96, -8.56, -3.19, -3.76, -3.63, -4.23, -4.9, -1.89, -2.74, -3.59, -2.982, -8.172, -0.8, -3.928, -0.4, -3.953, -4.632, -5.19, -2.09, -1.21, -4.36, -3.18]}