{"mse": 1.1755408026906955, "predictions": [-2.0511927604675293, -1.7673861980438232, -1.7673861980438232, -2.3349993228912354, -2.3349993228912354, -2.9026124477386475, -2.9026124477386475, -2.3349993228912354, -3.4702258110046387, -3.7540323734283447, -3.1864190101623535, -3.4702258110046387, -3.4702258110046387, -3.7540323734283447, -4.321645259857178, -4.889258861541748, -5.740678310394287, -3.973147392272949, -5.740678310394287, -1.7000051736831665, -4.011289596557617, -1.6855378150939941, -2.267618417739868, -2.94344425201416, -2.159405469894409, -2.464838743209839, -1.983811855316162, -7.3237833976745605, -2.4432122707366943, -3.1622912883758545, -4.4706902503967285, -2.748645305633545, -2.7270188331604004, -4.821877956390381, -5.497703552246094, -6.173529624938965, -6.849355697631836, -6.849355697631836, -6.849355697631836, -7.525181770324707, -8.201007843017578, -8.201007843017578, -3.5784385204315186, -0.8901622891426086, -0.8901622891426086, -1.457775592803955, -1.457775592803955, -1.457775592803955, -1.457775592803955, -1.7415821552276611, -1.7415821552276611, -1.7415821552276611, -1.7415821552276611, -2.025388717651367, -2.025388717651367, -2.3091952800750732, -1.457775592803955, -1.7415821552276611, -2.025388717651367, -3.7024240493774414, -3.1606152057647705, -1.457775592803955, -0.8901622891426086, -1.457775592803955, -2.3091952800750732, -1.7415821552276611, -0.8643581867218018, -2.5930018424987793, -3.4186177253723145, -3.9862308502197266, -0.5805516242980957, -1.7157779932022095, -1.3672796487808228, -0.29674506187438965, -0.8643581867218018, -1.1481648683547974, -1.1481648683547974, -1.4319714307785034, -1.4319714307785034, -2.8510046005249023, -0.8643581867218018, -0.29674506187438965, -1.17396879196167, -1.457775592803955, -1.457775592803955, -3.1606152057647705, -4.476431846618652, -4.8433918952941895, -2.825200319290161, -0.8558171391487122, -2.1552281379699707, -1.8969223499298096, -0.7616959810256958, -1.8969223499298096, -2.7483420372009277, -2.594071626663208, -1.3035051822662354, -2.1549248695373535, -1.9865009784698486, -2.2703075408935547, -4.529109954833984, -1.6652395725250244, -4.553843975067139, -1.0976264476776123, -5.083639621734619, -1.3308947086334229, -1.5615075826644897, -3.419687271118164, -2.297697067260742, -3.6316323280334473, -0.37574291229248047, -2.4639811515808105, -2.4530375003814697, -3.1491169929504395, -3.7855777740478516, -3.199655532836914, -1.9243121147155762, -0.8654279708862305, -0.015078067779541016, -0.5558173656463623, -1.8969223499298096, -2.026458501815796, 0.1413319706916809, -0.710087776184082, -1.5615075826644897, 0.4498729109764099, -1.7168477773666382, -0.7358918786048889, -1.5873117446899414, -3.8061563968658447, -0.14247465133666992, -0.6842837333679199, -0.968090295791626, -2.9647676944732666, -3.2485744953155518, -2.369009494781494, -2.3668699264526367, -3.3983640670776367, -4.069709300994873, -2.2703075408935547, -1.4710118770599365, -1.7806224822998047, -3.8100926876068115, -4.093899250030518, -5.637462615966797, -5.637462615966797, -1.110347032546997, -3.5350699424743652, -1.329309105873108, -6.094941139221191, -2.1807289123535156, -3.135880947113037, -1.2777010202407837, -2.799396276473999, -2.567197799682617, -3.5481534004211426, -2.9805407524108887, -1.5873117446899414, -2.1549248695373535, -3.21380877494812, -2.5930018424987793, 0.8110915422439575, -0.426281213760376, -2.1513185501098633, -0.8396240472793579, 1.0180399417877197, -0.5300133228302002, -0.9938944578170776, 0.0902777910232544, -4.3730244636535645, -2.661503314971924, -1.3178112506866455, -3.8623979091644287, -2.3349993228912354, -2.7330851554870605, -3.0416259765625, -5.335346221923828, -2.1692309379577637, -2.6897168159484863, -5.721264839172363, -2.5930018424987793, -5.621145248413086, -2.852074146270752, -3.315955400466919, -2.9805407524108887, -2.5556998252868652, -3.9522104263305664, -5.1961517333984375, -2.8004660606384277, -2.646195650100708, -5.023247241973877, -3.5481534004211426, -4.115767002105713, -3.8061563968658447, -4.089962959289551, -4.553843975067139, -4.838720321655273, -5.651252746582031, -4.528039932250977, -5.586407661437988, -4.734434127807617, -3.5228652954101562, -5.379459381103516, -4.734434127807617, -5.5858540534973145, -4.012550354003906, -1.7673861980438232, -1.4835795164108276, -3.4702258110046387, -4.605452060699463, -6.024485111236572, -1.7432582378387451, -1.591792345046997, -1.8972254991531372, -2.464838743209839, -4.821877956390381, -6.173529624938965, -8.87683391571045, -1.17396879196167, -2.025388717651367, -1.7415821552276611, -2.5930018424987793, -2.5930018424987793, -1.457775592803955, -2.8510046005249023, -1.7157779932022095, -4.476431846618652, -2.133601665496826, -7.21557092666626, -2.792379379272461, -2.1434268951416016, -2.5804343223571777, -1.0196983814239502, -0.14247465133666992, -5.242452144622803, -0.5427337884902954, -5.32785177230835, -2.930001974105835, -2.25758695602417, -5.173065185546875, -3.4705312252044678, -2.365799903869629, -2.5930018424987793, -1.5803561210632324, -1.9479763507843018, -2.413997173309326, -7.416969299316406, -3.1348109245300293, -3.109006881713867, -3.8756959438323975, -5.121457099914551, -2.2328529357910156, -0.16986441612243652, -4.837650775909424, -3.605131149291992, -4.935460090637207, -4.192625045776367], "true_values": [-3.52, -1.97, -1.64, -2.8, -2.77, -3.66, -3.89, -2.82, -4.31, -4.91, -3.77, -4.29, -4.72, -4.92, -5.89, -6.68, -8.8, -4.38, -8.23, -0.63, -2.6, -2.29, -1.6, -1.92, -2.51, -2.3, -1.3, -6.29, -2.38, -3.5, -4.57, -3.52, -2.39, -6.56, -6.26, -7.39, -7.32, -7.21, -7.43, -8.42, -7.92, -8.3, -3.93, 0.0, 0.43, -0.89, -0.8, -0.72, -0.38, -1.81, -1.47, -1.52, -0.85, -1.72, -1.72, -1.38, 0.0, -0.7, -0.92, -2.82, -2.39, -1.3, 0.52, -0.8, -2.59, -1.33, 0.22, -3.31, -5.19, -6.81, 0.28, -1.86, -1.47, 0.52, -0.72, -1.24, -1.36, -1.21, -2.0, -4.1, -0.74, 0.48, -0.99, -1.62, -1.1, -4.6, -3.11, -3.77, -3.15, 0.3, -1.09, -1.85, 0.84, -1.21, -3.03, 0.79, 0.96, -2.54, -2.39, -2.59, -3.81, -2.06, -4.35, -1.39, -4.3, -1.95, -2.61, -1.76, -2.18, -3.18, -1.26, -3.62, -2.82, -3.68, -4.49, -3.14, -2.81, -0.17, -0.31, -0.8, -1.0, -2.38, 0.97, 0.1, -0.35, -0.85, -0.95, 1.11, -0.96, -3.28, -0.8, -1.01, -2.41, -3.24, -4.24, -3.15, -2.57, -2.48, -4.89, -2.12, -1.64, -1.74, -4.11, -4.23, -3.95, -3.82, -0.36, -4.6, -0.96, -8.4, -1.04, -3.01, -0.46, -3.13, -3.48, -5.4, -3.59, -0.68, -2.09, -3.8, -2.06, -2.28, 0.3, -1.5, -1.96, -2.63, -0.2, -1.47, 1.09, -5.82, -3.31, -1.99, -3.39, -4.47, -2.82, -2.45, -5.4, -3.7, -3.29, -4.19, -1.99, -5.74, -3.75, -3.12, -2.56, -3.59, -6.02, -6.34, -2.64, -2.93, -4.2, -1.89, -3.57, -1.91, -1.87, -4.84, -3.07, -4.74, -5.19, -4.46, -4.0, -2.87, -5.37, -4.42, -4.58, -1.42, -3.68, -2.68, -5.21, -6.57, -7.92, -1.17, -1.47, -2.37, -2.55, -5.28, -6.8, -9.15, -0.4, -1.6, -0.68, -2.22, -2.28, -0.6, -2.65, -1.85, -2.97, -1.06, -6.29, -3.66, -3.28, -2.43, 1.0, 0.85, -4.44, 0.32, -4.35, -3.8, -2.72, -7.11, -3.9, -2.22, -1.85, -5.47, -1.2, -3.02, -6.62, -2.85, -4.11, -3.59, -3.8, -2.34, -3.47, -4.09, -3.64, -5.49, -2.47]}