{"mse": 1.2097276359873086, "predictions": [-6.79567289352417, -1.0092610120773315, -1.7105199098587036, -2.4219937324523926, -3.206153154373169, -4.2462358474731445, -2.729363203048706, -0.6473387479782104, -3.4851746559143066, -2.618114948272705, -7.138469696044922, -2.907026529312134, -5.8982930183410645, -1.3284926414489746, -1.6075143814086914, -3.3621785640716553, -1.2681776285171509, -0.617343544960022, -5.227354049682617, -1.7744534015655518, -2.6078999042510986, -6.893568992614746, -2.8241257667541504, -4.790398120880127, -5.350464344024658, -4.790398120880127, -0.9062553644180298, -1.2155967950820923, -1.6276193857192993, -1.6904149055480957, -2.8241257667541504, -2.9859137535095215, -3.868340015411377, -1.7105199098587036, -2.288668155670166, -2.8241257667541504, -4.307327747344971, -0.02898043394088745, -3.1535725593566895, -2.5249991416931152, -2.339092969894409, -2.864450454711914, -1.6276193857192993, -2.2344484329223633, -1.6679438352584839, -0.6473387479782104, -5.4001665115356445, -6.1974196434021, -1.4216080904006958, -4.592146873474121, -2.8241257667541504, -3.67667818069458, -5.008174419403076, -3.4979968070983887, -1.20798921585083, -4.402659893035889, -4.701786518096924, -3.472804069519043, -3.7674272060394287, -2.75030517578125, -3.279729127883911, 0.5132699012756348, -7.992179870605469, -3.67667818069458, -1.609994888305664, -6.582792282104492, -6.1974196434021, -1.6276193857192993, -1.5447187423706055, -0.6473387479782104, -3.206153154373169, -2.5452187061309814, -3.422379493713379, -1.9267460107803345, -3.2163681983947754, -3.505279779434204, -2.394063949584961, -2.864450454711914, -2.4305694103240967, -2.0096466541290283, -1.2254871129989624, -0.9464653730392456, -1.9827678203582764, -1.6276193857192993, -4.87780237197876, -1.720734715461731, -5.566690444946289, -3.0958645343780518, -0.8434598445892334, -5.732491493225098, -3.9962069988250732, -2.618114948272705, -2.0275955200195312, -8.380897521972656, -2.22587251663208, -1.80624258518219, -4.239339351654053, -3.092423439025879, -4.578675746917725, -2.738973617553711, -6.740840435028076, -3.505279779434204, -2.618114948272705, -2.0096466541290283, -6.665274620056152, -0.14220082759857178, -8.035970687866211, -1.7744534015655518, -6.1974196434021, -3.3340201377868652, -1.8463259935379028, -1.9570657014846802, -3.035848617553711, -0.9464653730392456, -1.4618180990219116, -1.9267460107803345, -3.5557045936584473, -1.5328564643859863, -5.350464344024658, -1.3284926414489746, -3.6386053562164307, -4.745456218719482, -2.228353261947632, -4.669310569763184, -3.0629374980926514, -4.318549633026123, -1.2681776285171509, -2.9274561405181885, -2.738973617553711, -6.461818695068359, -2.288668155670166, -1.7105199098587036, -2.5249991416931152, -0.7302393913269043, -3.2946510314941406, -1.2455921173095703, -3.8044066429138184, -2.4244742393493652, -3.206153154373169, -2.0198612213134766, -2.0096466541290283, -1.9267460107803345, -3.8146214485168457, -1.720734715461731, -0.8032498359680176, -0.9464653730392456, -2.6718335151672363, -4.629100799560547, -1.3688170909881592, -1.8237403631210327, -2.9502828121185303, -2.741225242614746, -2.6584391593933105, -1.919463038444519, -2.6078999042510986, -5.134238243103027, -6.1974196434021, -1.5587718486785889, -3.476205825805664, -4.083428382873535, -4.402659893035889, -2.181044816970825, -2.22587251663208, -1.6276193857192993, -3.2946510314941406, -2.2057676315307617, -1.2455921173095703, -1.4002537727355957, 0.11671578884124756, -4.7170891761779785, -3.9176268577575684, -3.5557045936584473, -6.496546268463135, -7.138469696044922, -1.720734715461731, -1.720734715461731, -2.9575657844543457, -1.0293660163879395, -1.2455921173095703, -4.453084468841553, -5.300039768218994, -3.342073678970337, -5.599166393280029, -3.9378461837768555, -1.8237403631210327, -5.326564788818359, -1.6276193857192993, -2.22587251663208, -2.587794780731201, -4.495889663696289, -2.288668155670166, -2.0096466541290283, -2.22587251663208, -4.6036763191223145, -2.907026529312134, -1.3284926414489746, -3.18951416015625, -3.2700867652893066, -3.1761579513549805, -5.051337718963623, -3.206153154373169, -6.1974196434021, -1.3284926414489746, -1.0921616554260254, -1.6276193857192993, -2.1375136375427246, -2.7211203575134277, -6.625368595123291, -0.6473387479782104, -2.618114948272705, -2.22587251663208, -2.40449595451355, -1.9066410064697266, -4.239339351654053, -2.3087732791900635, -2.7681005001068115, -1.4113932847976685, -3.850327968597412, -5.649590969085693, -1.7105199098587036, -4.2167534828186035, -2.40962290763855, -1.6276193857192993, -2.980037212371826, -3.78486704826355, -7.694147109985352], "true_values": [-7.87, 1.07, -2.68, -2.35, -3.75, -4.755, -4.81, -0.63, -1.94, -2.17, -8.6, -5.05, -6.57, -0.19, -0.8, -4.06, -0.667, -3.38, -5.886, -1.73, -2.77, -6.876, -2.35, -5.64, -3.45, -5.43, -1.506, -1.23, 0.0, 0.76, -2.41, -3.55, -4.35, -2.54, 0.45, -1.99, -6.62, -0.22, -1.13, -2.58, -2.05, -3.52, -1.1, -1.8, -1.47, -0.04, -5.736000000000001, -8.804, -1.16, -4.046, -3.3, -3.59, -3.37, -3.4, -0.6, -4.62, -5.84, -4.4, -4.02, 0.523, -4.5760000000000005, -0.41, -8.334, -4.0, -2.12, -7.21, -8.23, -1.04, -1.75, -0.49, -3.76, -1.37, -4.6, -0.68, -2.696, -3.77, -1.9, -2.39, -1.78, -2.59, -1.8, -1.92, -1.84, -0.8, -3.35, -2.23, -4.63, -3.36, -0.74, -4.42, -4.5, -2.356, -3.083, -5.259, -2.39, -1.34, -2.86, -4.56, -4.749, -1.25, -8.017000000000001, -4.15, -2.322, -3.74, -7.321000000000001, -2.19, -8.003, -1.59, -8.49, -4.07, -1.11, -1.57, -2.18, -0.1, -1.63, -1.19, -3.09, -2.29, -3.817, -0.29, -2.85, -4.92, -0.12, -6.144, -3.028, -3.8, -1.4580000000000002, -3.685, -1.55, -6.291, -2.21, -2.73, -3.01, -0.59, -2.67, -1.34, -3.96, -2.084, -4.37, -1.7080000000000002, -3.65, -1.85, -4.16, -2.21, -1.22, -0.55, -2.55, -5.071000000000001, -1.75, -2.61, -3.29, -3.0, -2.484, -1.74, -5.08, -4.02, -7.85, 0.54, -2.68, -2.78, -6.35, -1.17, -2.13, -1.62, -2.64, -1.33, -1.52, 0.43, 0.7, -4.634, -3.68, -4.314, -7.92, -7.42, -2.148, -3.06, -2.564, 0.47, -0.17, -4.955, -8.04, -3.15, -6.726, -3.9, -1.03, -4.31, -0.59, -1.85, -1.52, -4.114, 0.38, -2.06, -2.46, -6.02, -3.4, -0.12, -5.68, -5.06, -4.883, -4.57, -5.19, -7.8, -0.28, 0.15, -0.8, -1.68, -2.863, -7.2, -0.22, -2.593, -1.38, -2.12, -0.96, -4.553999999999999, -2.21, 1.144, -2.57, -3.37, -4.8, -2.54, -4.24, -3.62, -1.17, -2.461, -3.451, -7.66]}