{"mse": 1.104376881706202, "predictions": [-3.768359899520874, -1.5728795528411865, -3.6308841705322266, -3.3869621753692627, -2.4314000606536865, -6.654152870178223, -1.2671478986740112, -1.041746735572815, -2.83534836769104, -1.1915204524993896, -2.1993513107299805, -4.939384460449219, -2.9235870838165283, -1.5051603317260742, -1.5051603317260742, -4.9905500411987305, -4.522433280944824, -2.241935968399048, -1.5807878971099854, -2.910975694656372, -1.3427753448486328, -4.442102432250977, -4.95577335357666, -0.5753705501556396, -4.927820205688477, -3.1530799865722656, -0.7266253232955933, -0.9535077810287476, -2.200159788131714, -2.7226474285125732, -3.589421510696411, -5.9843597412109375, -3.0957529544830322, -5.896121025085449, -1.2268245220184326, -2.5217082500457764, -3.3499276638031006, -6.76141357421875, -5.896121025085449, -7.388693809509277, -1.8865195512771606, -3.6308841705322266, -3.5382556915283203, -4.176666259765625, -2.83534836769104, -3.992952823638916, -2.648501396179199, -2.83534836769104, -4.165535926818848, -2.639981746673584, -1.1459276676177979, -2.560262441635132, -2.9913060665130615, -2.4381721019744873, -7.320094108581543, -2.3467278480529785, -2.827439546585083, -4.292328834533691, -1.5478066205978394, -2.0582945346832275, -4.717188835144043, -5.483128547668457, -3.698305606842041, 0.16312885284423828, -2.2836954593658447, -3.359708547592163, -4.728318214416504, -0.9535077810287476, -3.370375633239746, -4.020464897155762, -1.698191523551941, -1.698191523551941, -5.148232460021973, -5.9361572265625, -2.6499829292297363, -2.5217082500457764, -1.5807878971099854, -3.394028902053833, -3.145782947540283, -0.8875452876091003, -1.117374300956726, -6.026872634887695, -5.014416694641113, -2.83534836769104, -1.9700554609298706, -4.955201148986816, -1.117374300956726, -2.910975694656372, -1.5807878971099854, -6.654152870178223, -1.5807878971099854, -3.6264946460723877, -2.647020101547241, -1.5404646396636963, -0.5672029852867126, -1.8944278955459595, -2.5973355770111084, -2.3363428115844727, -6.808629035949707, -3.851895809173584, -4.880146026611328, -1.3427753448486328, -2.8739025592803955, -1.7461357116699219, -0.6784221529960632, -3.316946268081665, -4.0157623291015625, -3.601288080215454, -1.9700554609298706, -1.4295330047607422, -2.2080681324005127, -6.026872634887695, -4.2823286056518555, -6.570616722106934, -4.145031929016113, -0.8778803944587708, -4.728318214416504, -1.5051603317260742, -1.1701921224594116, -3.851895809173584, -4.564164161682129, -2.937894582748413, -3.057543992996216, -2.294825792312622, -4.479175567626953, -1.9385290145874023, -5.241460800170898, -1.8865195512771606, -5.560253143310547, -2.0127017498016357, -2.020015001296997, -2.8739025592803955, -2.011831283569336, -1.3427753448486328, -1.0788198709487915, -5.268841743469238, -1.204132080078125, -1.6675456762313843, 0.1386672854423523, -4.792816162109375, -0.715495228767395, -5.339781761169434, -4.728318214416504, -4.256644248962402, -2.476726531982422, -0.9535077810287476, -3.394055128097534, -1.7431731224060059, -5.820493698120117, -3.475203037261963, -4.805427551269531, -3.535050392150879, -1.6564154624938965, -2.2080681324005127, -5.186786651611328, -5.344429969787598, -1.7817274332046509, -3.2120206356048584, -2.5973355770111084, -1.3097940683364868, -4.089908599853516, 0.06155848503112793, -3.5067293643951416, -5.34446907043457, -1.7461357116699219, -6.4870805740356445, -3.2798731327056885, -5.582481384277344, -0.6910337209701538, -3.9740025997161865, -2.5217082500457764, -4.0975189208984375, -6.361016273498535, -6.420393943786621, -4.583897590637207, -7.114360809326172, -4.955201148986816, -6.058506011962891, -3.0003721714019775, -1.8944278955459595, -3.810136079788208, -7.65810489654541, -1.9700554609298706, -2.246622323989868, -2.1245322227478027, -0.8778803944587708, -5.483128547668457, -0.5672029852867126, -1.2174795866012573, -1.818800449371338, -1.3553868532180786, -1.081782579421997, -2.560262441635132, -8.708683013916016, 0.4137529730796814, -4.859940528869629, -2.5973355770111084, -2.5217082500457764, -2.952751874923706, -2.2080681324005127, -4.704593658447266, -0.32622769474983215, -3.0748419761657715, -1.2671478986740112, -1.5807878971099854, -1.773207664489746, -2.6499829292297363, -2.6052603721618652, -3.2120206356048584, -1.5763599872589111, -1.3761661052703857, -2.2080681324005127, -4.316196441650391, -2.2836954593658447, -3.6176388263702393, -3.7557647228240967, -0.9535077810287476, -2.910975694656372, -1.2592394351959229, -4.2152204513549805, -2.488726854324341, -1.9700554609298706, -4.13316535949707, -3.073322057723999], "true_values": [-4.14, -1.41, -3.64, -4.11, -5.47, -6.9, -0.15, -1.655, -2.53, -0.82, -2.68, -5.27, -2.369, -2.25, -1.92, -3.4930000000000003, -5.36, -3.48, -1.34, -3.27, -2.55, -5.17, -4.432, -0.6, -3.43, -2.09, -0.82, 0.52, -2.73, -3.082, -3.043, -6.523, -6.124, -4.65, -1.0, -1.06, -2.337, -8.6, -5.66, -7.32, -1.96, -4.862, -4.0, -3.896, -2.06, -4.4, -2.34, -1.99, -4.62, -1.77, -0.45, -1.7, -2.89, -2.78, -8.402000000000001, -1.48, -4.0, -3.324, -1.34, -2.17, -7.0, -6.29, -1.716, -3.22, -4.26, -3.43, -3.11, 0.32, -3.924, -4.328, -2.92, -2.55, -4.19, -5.47, -2.478, -2.74, -0.83, -3.33, -3.592, -2.36, -1.96, -7.28, -5.4, -2.08, -3.1, -5.24, -2.37, -5.05, -0.36, -7.2, -0.89, -4.735, -2.8, -1.6, 0.522, -0.4, -4.74, -1.989, -5.666, -4.63, -6.34, -1.24, -2.42, -1.11, 0.26, -3.59, -4.11, -4.48, -2.4, -1.827, -1.19, -6.57, -4.38, -7.8, -5.56, -1.37, -3.18, -0.96, -0.79, -4.29, -4.21, -2.7, -3.05, -3.664, -5.26, -1.17, -3.59, -2.03, -4.19, -1.46, -2.63, -1.3, -2.8310000000000004, -1.94, -1.96, -4.12, -3.38, -1.899, 1.12, -5.89, -0.4, -4.53, -3.85, -5.54, -1.66, -0.82, -2.928, -2.35, -5.37, -3.14, -3.73, -3.8, -2.1, -2.33, -3.754, -5.14, -2.932, -2.21, -5.24, -2.273, -5.84, 0.96, -3.54, -8.4, -0.91, -5.64, -4.16, -4.3, -1.26, -4.376, -2.05, -5.382000000000001, -7.01, -4.71, -3.59, -7.82, -4.95, -6.96, -2.28, -0.92, -4.37, -8.94, -3.55, -1.28, -0.7, -0.66, -6.25, -0.31, -2.0, -1.49, -2.692, -3.583, -1.04, -4.445, 0.26, -4.88, -4.25, -2.58, -3.38, -0.92, -4.46, 1.1, -2.218, -0.24, -1.14, -2.18, -3.239, -2.111, -2.34, -1.44, -0.742, -2.11, -4.2860000000000005, -3.18, -3.9, -3.15, 0.1, -3.37, -1.06, -3.46, -1.62, -3.3, -3.61, -3.091]}