{"mse": 1.073057109538866, "predictions": [-7.066866874694824, -0.7682329416275024, -1.6762140989303589, -2.442784309387207, -3.263303279876709, -4.052736282348633, -3.3008782863616943, -0.409098356962204, -2.96208119392395, -3.117384195327759, -7.744621276855469, -2.945885419845581, -6.116170883178711, -1.0052857398986816, -1.099629282951355, -3.02717924118042, -0.42725980281829834, -1.6186070442199707, -5.453304290771484, -1.5789518356323242, -2.628467559814453, -6.962003707885742, -2.592374801635742, -4.798912048339844, -4.792917251586914, -4.79813289642334, -1.854676604270935, 0.46133875846862793, -1.2349637746810913, -1.0583527088165283, -2.5046350955963135, -3.2757928371429443, -4.049578666687012, -1.6762140989303589, -1.6931883096694946, -2.503856658935547, -4.683852195739746, -0.9879695773124695, -2.8623785972595215, -2.2749569416046143, -2.332667589187622, -2.952130079269409, -1.6648865938186646, -2.44064998626709, -1.4329779148101807, -0.4381661117076874, -5.328652381896973, -6.435924530029297, -1.8477126359939575, -4.687994003295898, -3.3900136947631836, -3.9168732166290283, -4.854798316955566, -3.160614252090454, -1.1217451095581055, -4.5329742431640625, -4.848056793212891, -3.725369453430176, -3.7879579067230225, -2.641711950302124, -3.1990156173706055, 2.619629144668579, -12.529592514038086, -3.9168732166290283, -1.2176543474197388, -7.103540420532227, -6.433588981628418, -1.3774001598358154, -1.390419602394104, -0.6085081100463867, -3.263303279876709, -2.499377489089966, -3.7166645526885986, -1.5523816347122192, -3.7506628036499023, -3.579942464828491, -1.8732891082763672, -2.7026491165161133, -2.583711862564087, -1.9936318397521973, -2.257640838623047, -0.7555840015411377, -0.9675567150115967, -1.3774001598358154, -4.796515464782715, -1.9378025531768799, -5.123354911804199, -2.7973790168762207, -1.4989728927612305, -5.409149169921875, -4.354794502258301, -3.117384195327759, -0.6979968547821045, -6.508369445800781, -2.8098747730255127, -1.7565808296203613, -2.89465069770813, -3.421766757965088, -4.44779109954834, -2.517124891281128, -6.908164024353027, -3.580721139907837, -3.117384195327759, -1.9936318397521973, -7.586361885070801, -1.3850075006484985, -8.258544921875, -1.5789518356323242, -6.4343671798706055, -3.5677406787872314, -1.1937708854675293, -2.0039222240448, -2.290358543395996, -0.8761230707168579, -1.3492457866668701, -1.6900968551635742, -3.256498098373413, -1.4329779148101807, -4.792917251586914, -1.0599822998046875, -3.245814323425293, -5.205279350280762, -1.5225160121917725, -5.792679786682129, -3.6021924018859863, -5.3337812423706055, -1.4331721067428589, -2.3380203247070312, -2.517124891281128, -6.787684440612793, -2.175715208053589, -1.6762140989303589, -3.326702356338501, -0.7126331925392151, -3.158205270767212, -1.073001742362976, -3.8981387615203857, -2.284682035446167, -3.2625246047973633, -2.482548475265503, -1.9936318397521973, -1.982304573059082, -3.8216075897216797, -2.165130853652954, -1.2475316524505615, -0.7555840015411377, -2.780686140060425, -4.619058609008789, -1.3650410175323486, -1.926835060119629, -3.2476043701171875, -2.660090923309326, -3.3001198768615723, -2.1164333820343018, -2.8278772830963135, -4.829010009765625, -6.4343671798706055, -1.0795142650604248, -4.056427955627441, -3.5953595638275146, -4.531416893005371, -1.58134126663208, -2.007514715194702, -2.0637059211730957, -3.158205270767212, -2.1366937160491943, -1.243343710899353, -1.548851728439331, 1.1061307191848755, -3.5959701538085938, -3.8009884357452393, -4.162591934204102, -6.7517852783203125, -7.744621276855469, -2.165130853652954, -2.165130853652954, -2.8869259357452393, -0.7425644993782043, -0.47629570960998535, -3.807621479034424, -5.482113838195801, -3.0575687885284424, -5.797974586486816, -3.8505067825317383, -1.3780255317687988, -4.667428970336914, -1.3774001598358154, -3.0973613262176514, -2.8960585594177246, -3.218312978744507, -1.6931883096694946, -1.9936318397521973, -2.007514715194702, -5.496416091918945, -2.945885419845581, -1.0052857398986816, -5.238037109375, -3.963679790496826, -2.9266459941864014, -4.530196189880371, -3.2625246047973633, -6.435145378112793, -1.0052857398986816, -0.8444396257400513, -1.3227033615112305, -1.799107313156128, -2.6614127159118652, -6.598334312438965, -0.4381661117076874, -3.117384195327759, -1.8697994947433472, -2.391416311264038, -1.4559729099273682, -3.121978998184204, -2.311049699783325, -2.7672414779663086, -1.358796238899231, -3.799285650253296, -5.476865768432617, -1.6762140989303589, -4.248501777648926, -0.8152680397033691, -1.3774001598358154, -2.9618875980377197, -3.771864891052246, -8.385702133178711], "true_values": [-7.87, 1.07, -2.68, -2.35, -3.75, -4.755, -4.81, -0.63, -1.94, -2.17, -8.6, -5.05, -6.57, -0.19, -0.8, -4.06, -0.667, -3.38, -5.886, -1.73, -2.77, -6.876, -2.35, -5.64, -3.45, -5.43, -1.506, -1.23, 0.0, 0.76, -2.41, -3.55, -4.35, -2.54, 0.45, -1.99, -6.62, -0.22, -1.13, -2.58, -2.05, -3.52, -1.1, -1.8, -1.47, -0.04, -5.736000000000001, -8.804, -1.16, -4.046, -3.3, -3.59, -3.37, -3.4, -0.6, -4.62, -5.84, -4.4, -4.02, 0.523, -4.5760000000000005, -0.41, -8.334, -4.0, -2.12, -7.21, -8.23, -1.04, -1.75, -0.49, -3.76, -1.37, -4.6, -0.68, -2.696, -3.77, -1.9, -2.39, -1.78, -2.59, -1.8, -1.92, -1.84, -0.8, -3.35, -2.23, -4.63, -3.36, -0.74, -4.42, -4.5, -2.356, -3.083, -5.259, -2.39, -1.34, -2.86, -4.56, -4.749, -1.25, -8.017000000000001, -4.15, -2.322, -3.74, -7.321000000000001, -2.19, -8.003, -1.59, -8.49, -4.07, -1.11, -1.57, -2.18, -0.1, -1.63, -1.19, -3.09, -2.29, -3.817, -0.29, -2.85, -4.92, -0.12, -6.144, -3.028, -3.8, -1.4580000000000002, -3.685, -1.55, -6.291, -2.21, -2.73, -3.01, -0.59, -2.67, -1.34, -3.96, -2.084, -4.37, -1.7080000000000002, -3.65, -1.85, -4.16, -2.21, -1.22, -0.55, -2.55, -5.071000000000001, -1.75, -2.61, -3.29, -3.0, -2.484, -1.74, -5.08, -4.02, -7.85, 0.54, -2.68, -2.78, -6.35, -1.17, -2.13, -1.62, -2.64, -1.33, -1.52, 0.43, 0.7, -4.634, -3.68, -4.314, -7.92, -7.42, -2.148, -3.06, -2.564, 0.47, -0.17, -4.955, -8.04, -3.15, -6.726, -3.9, -1.03, -4.31, -0.59, -1.85, -1.52, -4.114, 0.38, -2.06, -2.46, -6.02, -3.4, -0.12, -5.68, -5.06, -4.883, -4.57, -5.19, -7.8, -0.28, 0.15, -0.8, -1.68, -2.863, -7.2, -0.22, -2.593, -1.38, -2.12, -0.96, -4.553999999999999, -2.21, 1.144, -2.57, -3.37, -4.8, -2.54, -4.24, -3.62, -1.17, -2.461, -3.451, -7.66]}