{"mse": 0.987626432917796, "predictions": [-3.2630767822265625, -2.5984280109405518, -5.842385292053223, -7.052133083343506, -3.819162368774414, -2.285269260406494, -4.636826038360596, -1.1987498998641968, -4.586446285247803, -5.950596332550049, -3.6611037254333496, -1.5599466562271118, -3.013578414916992, -1.2834733724594116, -3.0336978435516357, -4.610605716705322, -2.387442111968994, -1.6882781982421875, -2.6661696434020996, -5.096350193023682, -3.2871527671813965, -1.6263375282287598, -3.3180971145629883, -2.956627607345581, -6.245913982391357, -5.2028679847717285, -4.479928493499756, -0.9026579856872559, -4.479928493499756, -1.2929478883743286, -3.9490156173706055, -0.11676676571369171, -1.0363507270812988, -0.41121864318847656, -1.7359497547149658, -1.6263375282287598, -4.553952217102051, -1.30005943775177, -1.421238660812378, -4.838547706604004, 1.5437783002853394, -1.1692328453063965, -2.276512861251831, -1.6703886985778809, -2.024580478668213, -3.112898349761963, -4.094304084777832, -1.9024505615234375, -1.1692328453063965, 1.5437783002853394, -2.285269260406494, -3.8436968326568604, -4.447986125946045, -2.308600902557373, -3.039369583129883, -1.1108272075653076, -5.344913959503174, -3.68542218208313, -3.5920355319976807, -5.060550689697266, -3.744183301925659, -5.283795356750488, -5.203847408294678, -2.589484453201294, -3.6824748516082764, -3.017526149749756, -3.0729804039001465, -2.276512861251831, -1.216333031654358, -1.7016435861587524, -2.992133378982544, -2.631237506866455, -5.2028679847717285, -3.5840649604797363, -2.861426591873169, -4.438749313354492, -1.845450520515442, -2.972327470779419, -1.0835868120193481, -4.90491247177124, -2.0721435546875, 1.610185146331787, -2.6661696434020996, -1.9891233444213867, -1.2308783531188965, -3.3326454162597656, -3.7029852867126465, -3.418219566345215, -1.9024505615234375, -2.004831075668335, -2.7556099891662598, -3.5283422470092773, -3.348449468612671, -1.0835868120193481, -2.0731663703918457, -3.2470853328704834, -4.037408351898193, -0.7693110704421997, -1.095274806022644, -0.4433472752571106, -1.831739902496338, -7.3135175704956055, -2.7707695960998535, -3.435945749282837, -1.5103778839111328, -2.8210482597351074, -2.368457794189453, -2.6778998374938965, -2.936640739440918, -1.6922895908355713, -3.0182833671569824, -0.7103868722915649, -4.509347915649414, -1.6263375282287598, -2.197671413421631, -4.447986125946045, -4.465900421142578, -3.974982500076294, -6.587650299072266, -2.014242172241211, -1.6882781982421875, -1.6256217956542969, -4.3323187828063965, -4.4573655128479, -2.0365071296691895, -2.3817687034606934, -5.343472480773926, -1.8040812015533447, -0.844756543636322, -7.234620571136475, -4.069460868835449, -3.096426486968994, -2.5471057891845703, -1.421238660812378, -1.9593055248260498, -2.449511766433716, -2.5084874629974365, -3.548524856567383, -3.3180971145629883, -1.2230067253112793, -5.8564958572387695, -6.43571138381958, 0.5854930877685547, -1.9730627536773682, -3.439253568649292, -7.228429794311523, -1.421238660812378, -3.856815814971924, -2.992133378982544, -1.7472025156021118, -1.8898823261260986, -6.2061662673950195, -2.3402059078216553, -2.6112332344055176, -0.40758538246154785, -1.8211604356765747, -4.507986068725586, -2.4830033779144287, -0.9966224431991577, -0.4972998797893524, -2.3402059078216553, -1.7461798191070557, -2.7207190990448, -1.861982822418213, -1.7035983800888062, -1.0835868120193481, -2.014242172241211, -3.354496955871582, -0.4788954257965088, -3.2470853328704834, -0.7844185829162598, -2.7754757404327393, -0.7224777936935425, -4.071495056152344, -3.970024824142456, -7.668554306030273, -2.7400896549224854, -4.2959885597229, -2.6661696434020996, -6.495055675506592, -2.2087697982788086, -3.5071511268615723, -4.586541652679443, -3.9726502895355225, -0.7103868722915649, -2.5850744247436523, -1.8040812015533447, -5.505582809448242, -5.819289684295654, -0.9814140200614929, -1.5057759284973145, -3.0542426109313965, -2.76639723777771, -7.924480438232422, -2.5873286724090576, -5.648365497589111, -3.1760735511779785, -2.6661696434020996, -4.613636016845703, -3.3092823028564453, -3.586836576461792, 1.5437783002853394, -1.5547220706939697, -1.7472025156021118, -3.559626817703247, -4.75388765335083, -2.0433967113494873, -2.088801383972168, -2.3535711765289307, -4.962789535522461, -0.7371824979782104, -1.4038773775100708, -2.1623058319091797, -1.323273777961731, -0.7520270943641663, -3.3180971145629883, -3.450979232788086, -4.135285377502441, -0.31680893898010254, -1.943230152130127, -3.2551724910736084, -3.3180971145629883, -2.2829813957214355, -0.9169108271598816, -5.1259989738464355], "true_values": [-3.3, -2.64, -7.96, -7.43, -4.593999999999999, -1.661, -5.22, -0.85, -4.88, -8.057, -2.81, -1.995, -3.67, -0.8, -3.46, -4.07, -1.6, -3.18, -4.8, -5.65, -4.43, 0.36, -4.26, -3.08, -6.01, -5.28, -4.57, -0.092, -4.63, -0.72, -3.094, 1.34, -0.41, 0.57, -2.296, 0.38, -3.571, -1.139, -0.44, -4.16, 0.06, -0.6, -0.85, -2.168, -2.616, -2.23, -4.097, -2.37, -0.74, 1.09, -2.766, -5.153, -5.282, -2.41, -3.13, -1.4880000000000002, -4.2, -3.42, -3.67, -3.5860000000000003, -4.1, -6.57, -3.78, -1.3, -3.0, -2.404, -4.44, -1.21, -0.36, -1.803, -3.2, -2.36, -6.39, -3.14, -3.81, -4.28, -0.95, -2.154, 0.49, -3.81, -2.51, -0.244, -4.74, -1.16, -0.6, -3.54, -2.55, -4.69, -2.43, -1.91, -2.89, -4.22, -2.82, -0.85, -1.6, -3.27, -4.47, 0.0, -0.51, 0.62, -2.96, -4.081, -2.51, -1.93, -1.66, -3.39, -2.42, -2.78, -3.53, -1.54, -4.16, -1.36, -3.57, 0.38, -2.19, -3.955, -3.796, -4.678999999999999, -8.699, -1.99, -2.73, -2.42, -5.6, -5.72, -2.436, -1.56, -5.82, -1.62, 0.28, -9.018, -5.67, 0.715, -4.55, -0.5, -1.614, -2.24, -2.29, -4.21, -3.66, -2.266, -4.38, -6.47, -1.99, -1.06, -2.617, -8.176, -0.7, -2.3, -3.31, -0.98, 0.07, -5.915, -3.27, -2.658, 0.009, -1.28, -5.4, -1.85, 0.6509999999999999, 0.3, -4.28, -2.0, -2.58, -2.0, -0.85, -0.09, -1.64, -2.48, 0.48, -3.04, -1.01, -2.39, -0.46, -4.925, -4.345, -8.71, -2.843, -4.08, -2.77, -6.317, -1.72, -4.66, -3.69, -3.88, 0.29, -2.518, -1.6, -5.284, -6.14, -1.742, -2.09, -1.74, -1.97, -6.8, -2.49, -4.93, -2.54, -5.16, -6.09, -5.03, -4.45, 0.35, -0.17, -0.85, -3.5, -4.799, -2.943, -0.8759999999999999, -2.5810000000000004, -5.85, -0.01, -1.96, -2.35, -2.34, 0.94, -4.59, -3.12, -2.92, 1.02, -1.3, -2.281, -4.06, -2.38, 0.106, -4.522]}