{"mse": 1.1591162585755748, "predictions": [-1.7282891273498535, -2.315068483352661, -1.7282891273498535, -2.021678924560547, -2.6084580421447754, -1.1415098905563354, -2.6084580421447754, -2.6084580421447754, -2.6084580421447754, -2.9018478393554688, -3.195237398147583, -3.7820167541503906, -4.075406551361084, -3.4886269569396973, -4.6621856689453125, -5.835744380950928, -5.835744380950928, -1.107251763343811, -2.231381416320801, -1.1789495944976807, -2.573462724685669, -3.00888729095459, -1.472339153289795, -1.8144205808639526, -1.8144205808639526, -1.9874207973480225, -1.8144205808639526, -2.4873313903808594, -2.7807209491729736, -2.0591185092926025, -2.352508068084717, -7.19130802154541, -3.074110507965088, -3.025418758392334, -2.97672700881958, -3.6009459495544434, -2.0185720920562744, -4.834448337554932, -4.834448337554932, -5.507359027862549, -6.180269718170166, -6.180269718170166, -6.180269718170166, -6.853180408477783, -7.5260910987854, -3.574758529663086, -0.8067265748977661, -1.3935058116912842, -1.6868956089019775, -1.6868956089019775, -1.9802851676940918, -3.4472334384918213, -2.273674726486206, -1.6868956089019775, -1.0587224960327148, -2.23228120803833, -0.5133368968963623, -1.6868956089019775, -1.3935058116912842, 0.11483597755432129, -2.8190603256225586, -1.0587224960327148, -1.6455018520355225, -1.3107186555862427, -0.4305497407913208, 0.11483597755432129, -0.7653329968452454, -0.7653329968452454, -0.6825457811355591, -1.3521122932434082, -2.23228120803833, -0.8067265748977661, -0.8067265748977661, 0.2804105281829834, -4.893748760223389, -4.769567966461182, -5.228531837463379, -1.0173290967941284, -1.3521122932434082, -1.4385337829589844, -2.7393271923065186, -2.0250229835510254, -6.011351108551025, -1.6057789325714111, -1.8991687297821045, -1.8991687297821045, -3.6595065593719482, -5.003944396972656, -1.1622235774993896, -2.2392566204071045, -3.079702854156494, -2.0267274379730225, -2.867429733276367, -6.675034523010254, -1.652477502822876, -1.7313108444213867, -2.7810420989990234, -2.532646417617798, -4.292984485626221, -4.80003023147583, -3.329738140106201, -3.112450122833252, -0.37206435203552246, -2.9899399280548096, -1.6057789325714111, -0.7256099581718445, -3.2436065673828125, -1.2296020984649658, -0.6428227424621582, -1.2296020984649658, -0.6014291048049927, -0.6014291048049927, -0.9829108715057373, -0.5600355863571167, -0.8137021064758301, -2.3345932960510254, -2.082038402557373, -2.7015650272369385, -2.510777235031128, -1.660910725593567, -2.515307664871216, -2.808697462081909, -1.8806796073913574, -5.032202243804932, -5.554683208465576, -5.670169353485107, -4.753622055053711, -1.735264778137207, -1.8163812160491943, -2.615433692932129, -5.166177749633789, -5.418173789978027, -2.800051212310791, 0.8532388210296631, -2.4568347930908203, -2.5754234790802, -4.204892158508301, -4.982686996459961, -0.641152024269104, -6.046346664428711, -2.315068483352661, 0.40125012397766113, -1.0244643688201904, 0.44264376163482666, -0.5617061257362366, -2.6719489097595215, 0.14925408363342285, -1.8661339282989502, -0.9793105125427246, -0.18552923202514648, -4.021401405334473, -1.2382482290267944, -0.05437266826629639, -2.8128232955932617, -2.0510387420654297, -0.34776246547698975, -1.3193649053573608, -1.6868956089019775, -1.2296020984649658, -3.664234161376953, -0.9759353399276733, -1.8577749729156494, -1.8577749729156494, -2.315068483352661, -2.315068483352661, -1.6455018520355225, -2.7603282928466797, -2.2770190238952637, -1.9388914108276367, -1.604108214378357, -1.8163812160491943, -1.4815980195999146, -1.2693248987197876, -2.444554328918457, -2.1718783378601074, -2.5670645236968994, -2.3427577018737793, -2.2806503772735596, -3.7375428676605225, -2.0356297492980957, -2.2392566204071045, -2.758657455444336, -3.302854061126709, -1.528296709060669, -3.112450122833252, -6.767049312591553, -2.4014902114868164, -3.181532859802246, -3.3644461631774902, -5.95876932144165, -4.579398155212402, -5.003944396972656, -4.579398155212402, -5.481951713562012, -4.5380048751831055, -5.207571506500244, -4.921157360076904, -3.8787577152252197, -5.946220397949219, -5.459567070007324, -5.711563587188721, -5.464872360229492, -5.880772113800049, -1.4348995685577393, -2.315068483352661, -3.4886269569396973, -4.075406551361084, -5.1264543533325195, -2.9529836177825928, -5.507359027862549, -6.180269718170166, -7.5260910987854, -3.526066780090332, -1.3935058116912842, -1.6868956089019775, -1.0587224960327148, -2.273674726486206, -3.4472334384918213, 0.19762325286865234, -1.6455018520355225, -1.9388914108276367, -3.4058399200439453, -1.6868956089019775, -1.9802851676940918, -1.604108214378357, -1.6057789325714111, -1.3607584238052368, -1.9458670616149902, -1.52299165725708, -3.619786500930786, -5.1317596435546875, -2.513637065887451, 0.02507317066192627, -0.056043386459350586, -3.95624041557312, -1.2279313802719116, -1.4296283721923828, -0.5203125476837158, 0.23901689052581787, -1.455613136291504, -1.1968547105789185, -2.8724446296691895, -2.261641025543213, -2.5670645236968994, -3.0727272033691406, -2.4652678966522217, -4.249629497528076, -4.579398155212402, -6.660525321960449, -3.7442572116851807, -6.885122299194336, -6.853180408477783, -2.615433692932129, -2.467458963394165, -2.7745866775512695, -7.43996000289917], "true_values": [-3.55, -4.15, -3.24, -3.27, -5.05, -1.87, -3.31, -3.2, -3.11, -3.77, -4.64, -4.17, -5.22, -4.74, -6.0, -7.02, -7.8, -1.0, -1.54, -1.09, -1.48, -3.04, -1.73, -2.03, -1.96, -2.96, -2.0, -2.4, -2.69, -3.07, -3.81, -6.18, -3.27, -3.63, -4.07, -5.04, -1.97, -5.27, -5.21, -6.27, -7.8, -6.57, -7.0, -7.05, -8.32, -4.14, 0.04, -1.04, -1.4, -0.85, -2.09, -2.55, -3.01, -0.88, 0.81, -2.92, 0.58, -1.3, -0.83, 1.22, -4.62, -1.77, -2.6, -1.1, -0.48, 0.58, -1.01, -0.55, -0.82, -1.75, -2.67, -0.39, -0.82, 0.74, -3.64, -4.13, -4.1, -1.41, -0.96, -0.85, -1.55, -1.89, -6.89, -0.41, -0.85, 0.38, -3.36, -5.4, -0.13, -2.74, -0.63, -2.62, -1.4, -4.15, -1.64, -2.68, -1.94, -2.18, -3.73, -3.6, -2.86, -3.99, -1.07, -2.34, 0.23, 0.15, -2.92, -1.52, -0.3, -2.44, -0.74, -1.74, -3.38, -1.68, -2.37, -1.47, -4.55, -2.89, -5.68, -2.18, -3.04, -4.0, -3.68, -5.54, -5.14, -3.64, -4.62, -0.98, -1.3, -2.36, -4.57, -4.79, -3.36, -2.23, -3.68, -2.47, -2.98, -4.88, -1.24, -5.27, -4.25, -0.4, -0.43, -1.25, 0.59, -1.16, -1.93, -2.6, -1.83, -0.55, -4.98, 0.02, -0.17, -3.33, -2.36, -1.16, -2.33, -0.94, -1.92, -3.08, -2.05, -1.28, -0.48, -4.48, -4.74, -0.54, -2.07, -2.23, -1.41, -0.93, -1.8, -0.02, -1.89, -1.2, -2.68, -1.64, -2.44, -2.36, -2.3, -1.95, -1.83, -3.39, -4.17, -4.47, -4.69, -6.51, -2.4, -4.16, -4.31, -5.3, -5.28, -3.66, -5.68, -4.22, -3.48, -6.7, -2.82, -2.52, -3.98, -4.65, -5.24, -5.15, -5.51, -2.09, -2.77, -4.17, -6.35, -6.2, -2.31, -6.02, -7.16, -8.01, -4.4, -0.39, -0.72, 0.62, -3.17, -3.12, -0.2, -2.14, -2.48, -3.22, -1.85, -1.6, -2.35, -1.1, -1.28, -2.57, 0.81, -4.61, -2.09, -2.54, 1.13, -0.62, -3.26, -1.78, -1.77, -1.26, 0.39, -1.56, -1.11, -2.87, -3.51, -2.49, -1.94, -3.05, -2.73, -4.43, -4.4, -3.66, -7.32, -7.89, -0.56, -4.66, -3.37, -7.15]}