{"mse": 0.8548509840578639, "predictions": [-2.663374423980713, -2.5761966705322266, -7.188357353210449, -4.7777276039123535, -5.148189067840576, -2.200833559036255, -2.5345511436462402, -1.9692153930664062, -3.3612060546875, -1.6628022193908691, -9.154603004455566, -3.101402759552002, -5.547305583953857, -5.163474082946777, -2.443002700805664, -5.877527236938477, -1.5797548294067383, -0.37039807438850403, -3.260702133178711, -5.277550220489502, -3.9329850673675537, -6.532942295074463, -3.9329850673675537, -1.6009536981582642, -3.2396395206451416, -4.236467361450195, -1.9595437049865723, -2.95711612701416, -1.0723258256912231, -2.6101229190826416, -0.6324343681335449, -0.7456140518188477, -2.6889240741729736, -2.3734841346740723, -4.5486741065979, -5.269906997680664, -2.1221365928649902, -2.357903242111206, -2.2848331928253174, -3.0037341117858887, -5.222111701965332, -2.8117151260375977, -1.634253978729248, -2.8901209831237793, -1.4237267971038818, -1.0984371900558472, -1.9929277896881104, -6.186888694763184, -0.7154817581176758, -2.697871208190918, -5.312421798706055, -3.2824056148529053, -6.600412368774414, -4.597904205322266, -5.728911399841309, -3.768838405609131, -2.6987738609313965, -2.919734001159668, -4.1616716384887695, -0.8584480285644531, -2.548274040222168, -1.7229052782058716, -2.671605110168457, -3.98435115814209, -1.8805996179580688, -3.5338149070739746, -2.0383448600769043, -5.189230918884277, -2.6101229190826416, -1.3121755123138428, -3.0240635871887207, -2.2848331928253174, -5.48740291595459, -0.4118967056274414, -1.9777368307113647, -1.558786153793335, -3.9895870685577393, -0.9455734491348267, -0.420324444770813, -1.958122730255127, -1.8840758800506592, -3.98323655128479, -4.9305572509765625, -4.54465389251709, -1.71305513381958, -4.298301696777344, -1.2319397926330566, -4.702733039855957, -9.277775764465332, -3.5527262687683105, -1.6277689933776855, -3.748584747314453, 0.3518989086151123, -4.373750686645508, -5.197659492492676, -3.220959424972534, -2.8232662677764893, -1.9566526412963867, -2.867237091064453, -1.1673393249511719, -4.256862163543701, -4.678818225860596, -0.9836747646331787, -3.401998996734619, -1.3089643716812134, -4.493142127990723, -2.634561061859131, -4.3016815185546875, -2.2848331928253174, -1.7056951522827148, -1.3121755123138428, -3.0113508701324463, -2.8783998489379883, -3.3366403579711914, -6.218846797943115, -4.133452415466309, -7.843772888183594, -4.082717418670654, -1.803165078163147, -3.7811341285705566, -2.5498850345611572, -3.7135064601898193, -4.738132476806641, -4.3757004737854, -1.634253978729248, -2.9386236667633057, -2.8911471366882324, -0.3259553909301758, -3.0275521278381348, 0.14596915245056152, -3.9329850673675537, -3.258324146270752, 2.460118055343628, -5.669928550720215, -1.894469976425171, -4.402600288391113, -5.212440013885498, -3.465595245361328, -8.499188423156738, -3.46600604057312, -7.843772888183594, -2.3089792728424072, -4.844207286834717, -2.436906576156616, -3.303758382797241, -3.5089468955993652, -3.843575954437256, -0.9868858456611633, -7.814757347106934, -4.433416366577148, -4.44484281539917, -1.7214831113815308, -1.147197961807251, -6.296825885772705, -3.49806547164917, -2.660374641418457, -2.6101229190826416, -3.4279792308807373, -1.5863196849822998, -1.634253978729248, -2.6101229190826416, -6.622115612030029, -1.7284505367279053, -5.655776023864746, -2.3069887161254883, -1.3121755123138428, -2.610018730163574, -2.0467729568481445, -4.486081123352051, -2.37935471534729, -3.423295021057129, -3.135880470275879, -2.6101229190826416, -2.1221365928649902, 1.2214250564575195, -4.95371675491333, -2.1305084228515625, -1.3976155519485474, -1.716266393661499, -2.2009377479553223, -2.6987738609313965, -3.549820899963379, -4.977590084075928, -3.9329850673675537, -7.843772888183594, -5.222111701965332, -4.863941192626953, -1.387765645980835, -4.4498610496521, -3.9112815856933594, -1.0984371900558472, -2.956460475921631, -3.880978584289551, -7.663405895233154, -6.532942295074463, -3.0224335193634033, -2.649151563644409, -2.4222636222839355, -6.278748989105225, -3.165574073791504, -2.570380210876465, -4.161792755126953, -2.6181700229644775, -4.526297569274902, -2.648343086242676, -6.19810676574707, -3.9985923767089844, -6.049259185791016, -0.4689216613769531, -7.001306056976318, -1.71305513381958, -2.648343086242676, -3.2043213844299316, -4.570248603820801, -2.5927648544311523, -3.260702133178711, -1.71305513381958, -0.711636483669281, -3.1090941429138184, -3.98655366897583, -3.4554977416992188, -0.9836747646331787, -0.09645700454711914, -5.105556488037109, -2.548274040222168, -2.1177353858947754], "true_values": [-2.06, -1.5, -7.32, -5.03, -4.42, -1.81, -3.17, -1.64, -3.127, -0.62, -9.15, -3.68, -5.931, -5.46, -1.96, -6.01, -0.466, 0.32, -3.28, -6.0, -4.29, -7.25, -4.17, -1.74, -3.61, -5.21, -3.03, -3.04, -1.886, -2.82, -1.947, -0.72, -2.46, -2.39, -2.925, -5.752000000000001, -2.36, -3.408, -4.36, -1.64, -6.56, -2.82, -2.03, -3.85, -1.3, -0.72, -0.7, -4.09, 0.62, -2.62, -5.35, -3.6, -7.02, -6.34, -6.89, -4.13, -2.016, -4.04, -4.55, -1.82, -2.33, -2.4, -3.12, -4.194, -2.31, -3.2, -1.29, -3.999, -4.47, -0.24, -2.322, -3.51, -6.005, 0.43, -3.37, -1.87, -3.26, 1.1, -0.14, -1.877, -2.35, -4.73, -6.96, -4.873, -0.88, -3.952, -1.77, -4.86, -7.278, -2.86, -1.32, -4.64, -1.6, -4.571000000000001, -5.184, -3.03, -2.0, -0.78, -3.81, -0.22, -5.233, -3.796, -1.94, -2.56, -2.33, -4.71, -3.672, -5.0, -3.85, -1.99, 0.11, -3.04, -2.77, -4.0, -5.507000000000001, -4.4, -8.01, -3.893, -0.77, -2.7, -1.52, -3.48, -5.839, -4.907, -2.64, -2.92, -2.93, 1.02, -3.18, 1.58, -4.89, -3.68, -2.22, -4.445, -0.41, -2.9, -6.176, -2.338, -7.92, -3.63, -7.68, -3.04, -4.8, -2.676, -2.67, -3.1710000000000003, -4.37, -0.39, -9.332, -2.98, -4.871, -1.85, -0.807, -6.59, -3.5380000000000003, -2.22, -4.3, -3.638, -1.45, -2.56, -4.15, -8.0, -2.7, -5.46, -2.452, -0.03, -3.01, -2.32, -4.69, -3.08, -6.08, -3.19, -2.82, -3.84, 0.64, -3.604, -3.05, -1.228, -0.7, -1.98, -2.253, -2.647, -5.19, -4.72, -7.39, -5.21, -4.743, -0.49, -3.84, -5.23, -0.67, -3.224, -4.23, -5.115, -7.39, -3.38, -2.676, -1.83, -5.24, -2.878, -1.92, -5.613, -2.46, -4.89, -1.79, -5.41, -5.16, -4.173, 0.61, -6.86, -1.47, -1.34, -3.2460000000000004, -4.099, -2.6, -4.12, -1.4, 0.32, -3.35, -3.39, -3.24, -1.08, -0.4, -6.237, -2.44, -1.71]}