{"mse": 0.6930256913920573, "predictions": [-3.9471797943115234, -1.3688862323760986, -3.4113550186157227, -3.284414052963257, -4.277597427368164, -7.144374847412109, -1.2589054107666016, -1.4090003967285156, -2.7804882526397705, -1.0230408906936646, -1.7975680828094482, -5.2299699783325195, -3.399265766143799, -1.3547519445419312, -1.3547519445419312, -4.9224395751953125, -4.104130744934082, -3.4836673736572266, -1.6243722438812256, -2.9838545322418213, -1.3252999782562256, -4.456171989440918, -4.61713981628418, -0.08681166172027588, -3.85717511177063, -3.052717685699463, -0.38907092809677124, -0.4908398985862732, -2.1692800521850586, -2.620084524154663, -2.6362035274505615, -6.422381401062012, -5.13950252532959, -5.625462532043457, -0.9995231628417969, -2.1493942737579346, -3.5196480751037598, -7.198180198669434, -5.625462532043457, -7.733734130859375, -1.7005971670150757, -3.4113550186157227, -3.6472766399383545, -4.996694564819336, -2.4811055660247803, -4.16176700592041, -2.2627880573272705, -2.7804882526397705, -4.310698509216309, -2.5624074935913086, -1.0691648721694946, -2.808530569076538, -2.9037442207336426, -2.5815744400024414, -7.454902648925781, -1.7877695560455322, -3.1066458225250244, -3.585858106613159, -1.4809750318527222, -1.7835255861282349, -6.414417266845703, -5.855461120605469, -3.103712320327759, -3.052321434020996, -2.3204329013824463, -3.018947124481201, -3.4214649200439453, -0.6546328067779541, -3.5463969707489014, -4.11651611328125, -2.8581759929656982, -2.8581759929656982, -5.183660507202148, -5.7270002365112305, -2.69002628326416, -2.8596930503845215, -1.154261827468872, -3.1879475116729736, -3.3318097591400146, -0.5264004468917847, -2.0342013835906982, -6.480952262878418, -4.214621543884277, -2.694244861602783, -1.9887218475341797, -4.544085502624512, -2.0342013835906982, -3.5317423343658447, -1.4536445140838623, -6.643986701965332, -1.4536445140838623, -3.297455310821533, -2.61891508102417, -1.331234097480774, -0.2869936227798462, -1.785355567932129, -2.652143716812134, -1.938714623451233, -6.484206199645996, -3.978987455368042, -4.428009986877441, -1.3252999782562256, -3.196218729019165, -1.1969208717346191, -0.4705567955970764, -3.194556474685669, -4.1613006591796875, -3.8651955127716064, -1.9887218475341797, -1.0651419162750244, -2.030822992324829, -6.480952262878418, -4.4046430587768555, -7.106443405151367, -4.490686416625977, -0.8959379196166992, -3.7208478450775146, -1.0284450054168701, -0.9200514554977417, -3.985110282897949, -4.715968132019043, -3.2153220176696777, -3.2397043704986572, -3.034607172012329, -4.660778045654297, -1.5099358558654785, -4.188886642456055, -1.7005971670150757, -3.9097135066986084, -2.1306397914886475, -2.8447773456573486, -2.2731313705444336, -2.763437271118164, -1.3252999782562256, -2.2000463008880615, -4.962040901184082, -3.1821706295013428, -1.6273081302642822, 0.6116429567337036, -4.986366271972656, -0.6618781089782715, -5.3877668380737305, -3.5852577686309814, -3.8232994079589844, -2.4157297611236572, -1.127874493598938, -3.702967882156372, -1.396852731704712, -5.526569366455078, -2.689704179763794, -4.2020978927612305, -3.529235363006592, -1.6570109128952026, -2.2877941131591797, -5.007350921630859, -5.414338111877441, -1.8672165870666504, -3.2438747882843018, -3.0630595684051514, -1.5500813722610474, -5.477051734924316, 0.983898401260376, -3.6688785552978516, -7.35178279876709, -1.1969208717346191, -6.098350524902344, -3.7081315517425537, -5.506890296936035, -1.3183338642120361, -4.3576507568359375, -2.3625338077545166, -4.694182395935059, -6.6632890701293945, -5.416835784912109, -5.281956672668457, -7.731934547424316, -4.726611137390137, -6.028156280517578, -2.46596097946167, -1.785355567932129, -3.769435167312622, -8.357426643371582, -1.9887218475341797, -2.4768197536468506, -1.9928925037384033, -0.6913299560546875, -5.855461120605469, 0.36416298151016235, -1.700021743774414, -1.6171269416809082, -2.381826400756836, -1.3004344701766968, -2.8146533966064453, -9.244736671447754, -0.5741300582885742, -4.737337112426758, -2.652143716812134, -2.560310125350952, -3.062426805496216, -2.1170663833618164, -4.869791030883789, -0.1268007755279541, -2.8184590339660645, -1.1219335794448853, -1.4536445140838623, -1.7325867414474487, -2.69002628326416, -2.934183359146118, -3.2438747882843018, -1.4764516353607178, -0.6674206256866455, -2.1170663833618164, -4.111845970153809, -2.3204329013824463, -3.2352261543273926, -3.869365930557251, -0.7902226448059082, -2.9838545322418213, -1.0371752977371216, -4.052977561950684, -2.364898204803467, -1.9887218475341797, -3.495126962661743, -3.089674949645996], "true_values": [-4.14, -1.41, -3.64, -4.11, -5.47, -6.9, -0.15, -1.655, -2.53, -0.82, -2.68, -5.27, -2.369, -2.25, -1.92, -3.4930000000000003, -5.36, -3.48, -1.34, -3.27, -2.55, -5.17, -4.432, -0.6, -3.43, -2.09, -0.82, 0.52, -2.73, -3.082, -3.043, -6.523, -6.124, -4.65, -1.0, -1.06, -2.337, -8.6, -5.66, -7.32, -1.96, -4.862, -4.0, -3.896, -2.06, -4.4, -2.34, -1.99, -4.62, -1.77, -0.45, -1.7, -2.89, -2.78, -8.402000000000001, -1.48, -4.0, -3.324, -1.34, -2.17, -7.0, -6.29, -1.716, -3.22, -4.26, -3.43, -3.11, 0.32, -3.924, -4.328, -2.92, -2.55, -4.19, -5.47, -2.478, -2.74, -0.83, -3.33, -3.592, -2.36, -1.96, -7.28, -5.4, -2.08, -3.1, -5.24, -2.37, -5.05, -0.36, -7.2, -0.89, -4.735, -2.8, -1.6, 0.522, -0.4, -4.74, -1.989, -5.666, -4.63, -6.34, -1.24, -2.42, -1.11, 0.26, -3.59, -4.11, -4.48, -2.4, -1.827, -1.19, -6.57, -4.38, -7.8, -5.56, -1.37, -3.18, -0.96, -0.79, -4.29, -4.21, -2.7, -3.05, -3.664, -5.26, -1.17, -3.59, -2.03, -4.19, -1.46, -2.63, -1.3, -2.8310000000000004, -1.94, -1.96, -4.12, -3.38, -1.899, 1.12, -5.89, -0.4, -4.53, -3.85, -5.54, -1.66, -0.82, -2.928, -2.35, -5.37, -3.14, -3.73, -3.8, -2.1, -2.33, -3.754, -5.14, -2.932, -2.21, -5.24, -2.273, -5.84, 0.96, -3.54, -8.4, -0.91, -5.64, -4.16, -4.3, -1.26, -4.376, -2.05, -5.382000000000001, -7.01, -4.71, -3.59, -7.82, -4.95, -6.96, -2.28, -0.92, -4.37, -8.94, -3.55, -1.28, -0.7, -0.66, -6.25, -0.31, -2.0, -1.49, -2.692, -3.583, -1.04, -4.445, 0.26, -4.88, -4.25, -2.58, -3.38, -0.92, -4.46, 1.1, -2.218, -0.24, -1.14, -2.18, -3.239, -2.111, -2.34, -1.44, -0.742, -2.11, -4.2860000000000005, -3.18, -3.9, -3.15, 0.1, -3.37, -1.06, -3.46, -1.62, -3.3, -3.61, -3.091]}