{"mse": 1.3487210409010248, "predictions": [-3.0536999702453613, -3.0305325984954834, -4.457099914550781, -6.593441009521484, -3.336946725845337, -2.0340023040771484, -4.457099914550781, -1.3156706094741821, -4.394104957580566, -5.682756423950195, -2.6004955768585205, -1.9225901365280151, -4.079133033752441, -0.29597288370132446, -3.473686456680298, -4.915351867675781, -2.234912872314453, -1.6993725299835205, -2.618614912033081, -4.754956245422363, -2.9818363189697266, -2.2890334129333496, -3.231443166732788, -2.862034559249878, -5.655661582946777, -4.943939208984375, -4.205121994018555, -1.3067964315414429, -4.205121994018555, -1.5989172458648682, -3.473686456680298, -0.42738106846809387, -1.0865442752838135, -0.7028423547744751, -1.2230006456375122, -2.2890334129333496, -4.065185546875, -1.8358289003372192, -1.6220847368240356, -5.221766471862793, 0.29642510414123535, -1.6220847368240356, -2.2890334129333496, -2.4064643383026123, -2.134457588195801, -2.9818363189697266, -3.949774980545044, -2.062593936920166, -1.6220847368240356, 0.29642510414123535, -2.0340023040771484, -4.2330217361450195, -4.915351867675781, -1.1379274129867554, -2.84774112701416, -0.5792195200920105, -4.817056655883789, -2.6753296852111816, -4.127518177032471, -4.842307090759277, -3.0768675804138184, -5.069928169250488, -4.842307090759277, -2.721752166748047, -3.6178271770477295, -3.6820991039276123, -2.618614912033081, -2.2890334129333496, -1.483363151550293, -1.8280434608459473, -2.9250290393829346, -2.72411847114563, -4.943939208984375, -3.496853828430176, -2.613895893096924, -4.371253967285156, -2.188577890396118, -3.445415735244751, -1.0092564821243286, -5.175431251525879, -2.249206304550171, 0.3764498233795166, -2.618614912033081, -1.9053313732147217, -1.3156706094741821, -3.1963024139404297, -3.7669835090637207, -2.770453453063965, -2.062593936920166, -2.4826223850250244, 0.36592745780944824, -4.104350566864014, -2.8272557258605957, -1.0092564821243286, -2.234912872314453, -3.105454206466675, -4.1016130447387695, -1.0092564821243286, -1.3156706094741821, -0.7028423547744751, -2.0336403846740723, -7.358453750610352, -2.999591827392578, -3.6896958351135254, -1.696635365486145, -2.4640393257141113, -2.279266119003296, -2.47833251953125, -3.2677276134490967, -2.2430191040039062, -3.6023571491241455, -0.78013014793396, -4.585770606994629, -2.2890334129333496, -1.1920478343963623, -4.915351867675781, -3.542905569076538, -3.844271421432495, -6.295584678649902, -2.005786657333374, -1.6993725299835205, -2.5181596279144287, -4.014693260192871, -4.1486358642578125, -1.712489366531372, -2.4640393257141113, -3.9643845558166504, -2.1862118244171143, -1.063376784324646, -6.908412933349609, -4.431881904602051, -3.1078202724456787, -2.74619722366333, -1.6220847368240356, -1.727588176727295, -2.4489405155181885, -0.424643874168396, -4.912614822387695, -3.231443166732788, -1.2230006456375122, -6.04597282409668, -6.043606758117676, 0.543670654296875, -2.1719183921813965, -3.297119617462158, -7.277778625488281, -1.6220847368240356, -3.47782826423645, -2.9250290393829346, -1.9284988641738892, -1.959451675415039, -6.108966827392578, -2.3122007846832275, -2.340416431427002, -1.5525822639465332, -2.234912872314453, -5.636421203613281, -2.84774112701416, -0.9589947462081909, -0.602387011051178, -2.3122007846832275, -1.9427921772003174, -2.4489405155181885, -2.4296317100524902, -2.36358380317688, -1.0092564821243286, -2.005786657333374, -3.680821657180786, -0.31914037466049194, -3.105454206466675, -0.931968629360199, -2.755354642868042, -1.5216293334960938, -3.769665479660034, -3.844271421432495, -7.143274307250977, -2.7615792751312256, -4.1506853103637695, -2.618614912033081, -7.080280303955078, -2.234912872314453, -2.3213908672332764, -5.221766471862793, -3.8493196964263916, -0.78013014793396, -2.764544725418091, -2.1862118244171143, -5.757307052612305, -5.493773460388184, -0.8083457946777344, -1.7272262573242188, -2.84774112701416, -2.464047431945801, -9.829449653625488, -1.5216293334960938, -5.564507484436035, -2.9794654846191406, -2.618614912033081, -4.268437385559082, -4.625913619995117, -3.79793643951416, 0.29642510414123535, -1.603965401649475, -1.9284988641738892, -3.345057725906372, -4.892189025878906, -2.5385899543762207, -1.7585411071777344, -2.4408717155456543, -4.763513565063477, -1.0092564821243286, -1.5447969436645508, -2.3094637393951416, -1.755079984664917, -1.2693356275558472, -3.231443166732788, -3.7669835090637207, -3.79793643951416, -1.2925031185150146, -1.8797978162765503, -2.729449987411499, -3.231443166732788, -2.572279930114746, -1.5347462892532349, -4.484441757202148], "true_values": [-3.3, -2.64, -7.96, -7.43, -4.593999999999999, -1.661, -5.22, -0.85, -4.88, -8.057, -2.81, -1.995, -3.67, -0.8, -3.46, -4.07, -1.6, -3.18, -4.8, -5.65, -4.43, 0.36, -4.26, -3.08, -6.01, -5.28, -4.57, -0.092, -4.63, -0.72, -3.094, 1.34, -0.41, 0.57, -2.296, 0.38, -3.571, -1.139, -0.44, -4.16, 0.06, -0.6, -0.85, -2.168, -2.616, -2.23, -4.097, -2.37, -0.74, 1.09, -2.766, -5.153, -5.282, -2.41, -3.13, -1.4880000000000002, -4.2, -3.42, -3.67, -3.5860000000000003, -4.1, -6.57, -3.78, -1.3, -3.0, -2.404, -4.44, -1.21, -0.36, -1.803, -3.2, -2.36, -6.39, -3.14, -3.81, -4.28, -0.95, -2.154, 0.49, -3.81, -2.51, -0.244, -4.74, -1.16, -0.6, -3.54, -2.55, -4.69, -2.43, -1.91, -2.89, -4.22, -2.82, -0.85, -1.6, -3.27, -4.47, 0.0, -0.51, 0.62, -2.96, -4.081, -2.51, -1.93, -1.66, -3.39, -2.42, -2.78, -3.53, -1.54, -4.16, -1.36, -3.57, 0.38, -2.19, -3.955, -3.796, -4.678999999999999, -8.699, -1.99, -2.73, -2.42, -5.6, -5.72, -2.436, -1.56, -5.82, -1.62, 0.28, -9.018, -5.67, 0.715, -4.55, -0.5, -1.614, -2.24, -2.29, -4.21, -3.66, -2.266, -4.38, -6.47, -1.99, -1.06, -2.617, -8.176, -0.7, -2.3, -3.31, -0.98, 0.07, -5.915, -3.27, -2.658, 0.009, -1.28, -5.4, -1.85, 0.6509999999999999, 0.3, -4.28, -2.0, -2.58, -2.0, -0.85, -0.09, -1.64, -2.48, 0.48, -3.04, -1.01, -2.39, -0.46, -4.925, -4.345, -8.71, -2.843, -4.08, -2.77, -6.317, -1.72, -4.66, -3.69, -3.88, 0.29, -2.518, -1.6, -5.284, -6.14, -1.742, -2.09, -1.74, -1.97, -6.8, -2.49, -4.93, -2.54, -5.16, -6.09, -5.03, -4.45, 0.35, -0.17, -0.85, -3.5, -4.799, -2.943, -0.8759999999999999, -2.5810000000000004, -5.85, -0.01, -1.96, -2.35, -2.34, 0.94, -4.59, -3.12, -2.92, 1.02, -1.3, -2.281, -4.06, -2.38, 0.106, -4.522]}