{"mse": 0.7927859633539135, "predictions": [-2.3663578033447266, -2.8633909225463867, -2.8633909225463867, -2.919661283493042, -3.360424041748047, -2.300713300704956, -2.919661283493042, -3.5341451168060303, -3.5341451168060303, -3.538609027862549, -4.776504993438721, -5.068123817443848, -6.0054731369018555, -6.628885269165039, -3.8983044624328613, -4.767577171325684, -5.992081642150879, -6.606565952301025, -1.8165425062179565, -2.5091822147369385, -0.9487075805664062, -1.6312628984451294, -1.2480970621109009, -1.7428507804870605, -1.8417937755584717, -1.656514048576355, -2.5516374111175537, -4.650286674499512, -3.048670530319214, -3.0587549209594727, -2.657357931137085, -5.313116550445557, -4.751964569091797, -2.8347883224487305, -4.633083343505859, -2.4296791553497314, -2.8280117511749268, -2.7290687561035156, -4.2764387130737305, -4.2764387130737305, -5.014267921447754, -5.014267921447754, -5.752097129821777, -5.752097129821777, -5.752097129821777, -5.752097129821777, -6.489926815032959, -6.489926815032959, -7.965585708618164, -9.441245079040527, -10.17907428741455, -0.9906492233276367, -0.80308997631073, -0.80308997631073, -1.1125638484954834, -1.1125638484954834, -1.1125638484954834, -1.1125638484954834, -1.4220378398895264, -1.4220378398895264, -1.4220378398895264, -1.4220378398895264, -1.7315118312835693, -4.469881057739258, -1.0796537399291992, -1.999657392501831, -2.618605375289917, -3.237553119659424, -1.6432713270187378, -2.1403045654296875, -2.074660301208496, -2.074660301208496, -1.567380428314209, -2.855022430419922, -1.257906198501587, -1.394575595855713, -0.6221592426300049, -1.2411071062088013, -2.4227325916290283, -2.235173463821411, -0.3126852214336395, -0.6221592426300049, -1.4193968772888184, -5.7520318031311035, -4.392221927642822, -1.623698115348816, -0.7524450421333313, -2.9089365005493164, -3.847184658050537, 1.0874353647232056, -5.0993170738220215, -4.661300182342529, -5.360842704772949, -1.1736493110656738, -1.479129433631897, -2.4075512886047363, -1.1811158657073975, -1.1811158657073975, -1.7409145832061768, -1.8535842895507812, -2.0503885746002197, -3.347433567047119, -1.3341032266616821, -1.3341032266616821, -0.4847410321235657, -1.7248079776763916, -0.4997941255569458, -5.065388202667236, -3.079850196838379, -2.968698263168335, -2.91867995262146, -4.901113986968994, -1.6297961473464966, -2.6975862979888916, -2.3082330226898193, -6.24323844909668, -2.3479533195495605, 1.2139884233474731, -2.745744228363037, -3.255232095718384, -3.2467198371887207, -0.6397438049316406, -1.0562551021575928, -3.1333372592926025, -0.5805388689041138, -0.775670051574707, -1.7057650089263916, -2.1261119842529297, -2.1692700386047363, -4.369957447052002, -3.441579580307007, -3.832268238067627, -4.897821426391602, -1.0454611778259277, -2.453678846359253, -1.661449909210205, -3.5563976764678955, -1.7169256210327148, -0.8004488348960876, -3.4103035926818848, -1.904120683670044, -1.9502582550048828, -5.408790588378906, -0.2033160924911499, 0.38854873180389404, -0.22358810901641846, 0.954261064529419, -0.4140995144844055, -0.8425360918045044, -0.5094547271728516, -1.1762317419052124, -1.9948372840881348, -1.5148613452911377, -1.999657392501831, -2.7429609298706055, -1.1417882442474365, -1.2296589612960815, -1.2296589612960815, -2.300713300704956, -2.9339706897735596, -2.0152390003204346, -5.782813549041748, -3.0415055751800537, -3.4021120071411133, -2.6137852668762207, -2.4586052894592285, -0.8475873470306396, -2.375206470489502, -2.4799015522003174, -2.3504598140716553, -2.1536171436309814, -3.2059731483459473, -2.891157865524292, -2.2075018882751465, -3.136549711227417, -3.4167990684509277, -3.136549711227417, -2.884329080581665, -2.4874210357666016, -4.9096269607543945, -3.1775553226470947, -3.1560840606689453, -2.2709691524505615, -2.475463390350342, -3.831793785095215, -3.781571865081787, -3.8475732803344727, -5.065352916717529, -3.0191540718078613, -5.056936264038086, -2.390195846557617, -3.5782275199890137, -5.228355884552002, -4.507212162017822, -3.604944944381714, -3.8008546829223633, -3.203890323638916, -1.2754368782043457, -2.541433095932007, -4.985549449920654, -4.536550521850586, -5.097019195556641, -5.121824264526367, -4.633310317993164, -3.023956537246704, -4.115326881408691, -5.837146759033203, -4.315553188323975, -4.157557010650635, -5.373133659362793, -1.2581814527511597, -2.0523247718811035, -3.644646644592285, -3.3553102016448975, -4.2764387130737305, -0.80308997631073, -1.4220378398895264, -0.8732000589370728, -1.2411071062088013, -3.6849308013916016, -1.1910920143127441, -2.2299771308898926, -2.664872646331787, -0.5255377888679504, -2.017336130142212, -2.494950294494629, -1.3670425415039062, -1.4047092199325562, -3.3970866203308105, -2.443594455718994, -2.1876542568206787, -2.488701581954956, -2.6092886924743652, -4.33112907409668, 0.2904491424560547, -0.4140995144844055, -2.2400615215301514, -2.7326667308807373, -1.9903407096862793, -1.7204855680465698, -1.5745807886123657, -2.6141417026519775, -3.708148717880249, -3.3116157054901123, -4.9826555252075195, -3.159374237060547, -3.437152862548828, -4.793341159820557, -2.188443660736084, -5.5636162757873535, -1.3609637022018433, -1.929985523223877, -3.4415361881256104, -4.657692909240723, -7.341523170471191], "true_values": [-4.53, -5.24, -4.44, -4.0, -4.24, -2.82, -3.75, -4.14, -4.89, -4.63, -5.96, -8.04, -8.19, -9.03, -5.17, -6.89, -8.0, -8.66, -1.9, -3.14, -1.6, -1.68, -1.41, -1.62, -1.85, -2.43, -3.12, -4.59, -3.99, -4.81, -1.96, -5.18, -4.23, -3.13, -4.63, -2.78, -3.19, -3.52, -4.54, -4.88, -5.8, -6.39, -6.25, -6.14, -6.01, -6.21, -7.25, -6.51, -7.42, -9.16, -10.41, -0.6, -0.47, -0.2, -0.7, -0.49, -1.11, -1.17, -1.55, -1.38, -1.08, -1.15, -2.11, -4.67, -0.17, -1.19, -2.41, -3.48, -1.42, -2.05, -1.06, -1.83, -0.89, -2.21, -1.45, -1.68, -0.82, -1.92, -3.39, -2.71, -0.22, -0.8, -1.66, -6.96, -5.64, -0.77, -0.85, -5.31, -4.85, 0.51, -4.63, -4.71, -4.71, -0.11, -0.14, -2.28, -0.42, -0.38, -0.85, -1.53, -1.7, -2.3, 0.38, 0.38, -0.91, -1.16, -0.07, -4.19, -2.11, -2.27, -3.05, -4.26, -1.36, -2.43, -1.56, -4.52, -2.96, 0.7, -3.81, -3.0, -3.76, -1.98, -1.52, -4.45, 1.07, 0.94, -1.33, -2.05, -1.52, -4.77, -3.61, -4.82, -6.09, -0.29, -3.25, -3.37, -4.37, -3.14, -0.96, -3.95, -1.61, -0.95, -5.35, -1.37, -2.22, -0.9, 1.12, -0.46, -0.06, -0.53, -0.47, -2.29, -1.61, -1.41, -1.62, -1.84, -0.88, -1.63, -4.33, -2.86, -1.92, -5.46, -3.12, -3.77, -2.55, -2.08, -0.17, -1.99, -2.06, -2.53, -3.03, -3.24, -2.09, -2.24, -3.4, -4.63, -3.68, -3.3, -3.16, -4.7, -2.78, -3.15, -1.22, -2.78, -4.61, -4.36, -4.73, -3.8, -1.93, -5.38, -1.61, -4.11, -5.22, -3.79, -3.78, -2.06, -2.71, -1.89, -0.48, -4.19, -5.24, -5.47, -4.3, -5.54, -2.88, -3.14, -4.95, -3.21, -4.62, -8.06, -2.09, -2.7, -5.06, -3.54, -5.2, -0.29, -1.22, -0.1, -1.92, -3.43, -1.82, -3.31, -1.92, -0.84, -2.21, -2.41, -0.97, -1.03, -3.54, -2.84, -2.69, -2.75, -2.92, -4.02, -0.74, 1.02, -3.27, -2.51, -2.33, -2.17, -1.91, -1.99, -5.03, -2.59, -5.53, -2.28, -2.64, -4.95, -2.63, -5.41, -1.72, -3.85, -3.8, -2.9, -6.86]}